-- phpMyAdmin SQL Dump
-- version 4.8.4
-- https://www.phpmyadmin.net/
--
-- Hôte : 127.0.0.1:3308
-- Généré le :  mer. 03 juil. 2019 à 14:06
-- Version du serveur :  5.7.24
-- Version de PHP :  7.3.1

SET SQL_MODE = "NO_AUTO_VALUE_ON_ZERO";
SET AUTOCOMMIT = 0;
START TRANSACTION;
SET time_zone = "+00:00";


/*!40101 SET @OLD_CHARACTER_SET_CLIENT=@@CHARACTER_SET_CLIENT */;
/*!40101 SET @OLD_CHARACTER_SET_RESULTS=@@CHARACTER_SET_RESULTS */;
/*!40101 SET @OLD_COLLATION_CONNECTION=@@COLLATION_CONNECTION */;
/*!40101 SET NAMES utf8mb4 */;

--
-- Base de données :  `gac2`
--

-- --------------------------------------------------------

--
-- Structure de la table `adherents`
--

DROP TABLE IF EXISTS `adherents`;
CREATE TABLE IF NOT EXISTS `adherents` (
  `id` int(255) UNSIGNED NOT NULL AUTO_INCREMENT,
  `nom` varchar(50) COLLATE utf8mb4_unicode_ci NOT NULL,
  `prenom` varchar(50) COLLATE utf8mb4_unicode_ci NOT NULL,
  `lieuNaissance` varchar(50) COLLATE utf8mb4_unicode_ci NOT NULL DEFAULT 'null',
  `dateNaissance` date NOT NULL,
  `sexe` varchar(10) COLLATE utf8mb4_unicode_ci NOT NULL DEFAULT 'Fille',
  `adresse` text COLLATE utf8mb4_unicode_ci NOT NULL,
  `ville` varchar(50) COLLATE utf8mb4_unicode_ci DEFAULT NULL,
  `cp` varchar(50) COLLATE utf8mb4_unicode_ci NOT NULL,
  `email1` varchar(100) COLLATE utf8mb4_unicode_ci NOT NULL,
  `email2` varchar(100) COLLATE utf8mb4_unicode_ci DEFAULT NULL,
  `nomUrgence` varchar(100) COLLATE utf8mb4_unicode_ci NOT NULL,
  `heureSemaine` varchar(10) COLLATE utf8mb4_unicode_ci NOT NULL DEFAULT '0.00',
  `groupe_id` int(100) UNSIGNED DEFAULT NULL,
  `tarif` int(100) DEFAULT NULL,
  `section_id` int(191) UNSIGNED DEFAULT NULL,
  `CertifMedical` tinyint(1) DEFAULT NULL,
  `photo` tinyint(1) DEFAULT NULL,
  `autorisationsRendues` tinyint(1) DEFAULT NULL,
  `PayementOk` tinyint(1) DEFAULT NULL,
  `RecuDemande` tinyint(1) DEFAULT NULL,
  `reduction` decimal(8,2) DEFAULT '1.00',
  PRIMARY KEY (`id`),
  KEY `adherents_groupe_id_foreign` (`groupe_id`)
) ENGINE=MyISAM AUTO_INCREMENT=99 DEFAULT CHARSET=utf8mb4 COLLATE=utf8mb4_unicode_ci;

--
-- Déchargement des données de la table `adherents`
--

INSERT INTO `adherents` (`id`, `nom`, `prenom`, `lieuNaissance`, `dateNaissance`, `sexe`, `adresse`, `ville`, `cp`, `email1`, `email2`, `nomUrgence`, `heureSemaine`, `groupe_id`, `tarif`, `section_id`, `CertifMedical`, `photo`, `autorisationsRendues`, `PayementOk`, `RecuDemande`, `reduction`) VALUES
(1, 'FORNIE', 'Noellie', 'dsfgdgdfgfdgdfg', '2010-04-09', 'Fille', 'gffdgfdgdf', 'CLAPIERS', '34830', 'test2@free.fr', 'null', 'fgfdfgdfgfd', '2h', 10, NULL, 3, 0, 0, 0, NULL, 1, '0.00'),
(2, 'ROLLAND', 'Eva', 'gdffgdfdgsf', '2010-03-10', 'Fille', 'nvccvbxvcbc', 'CLAPIERS', '34830', 'dffddsfsdfs@free.fr', 'null', 'gffddfgdfgs', '4h', 6, NULL, 3, 1, 0, 1, NULL, 0, '0.00'),
(3, 'BATIFOL', 'Eva', 'dfdsfsdf', '2010-08-30', 'Fille', 'fdgfdgdfg', 'MONTPELLIER', '34000', 'dffddsfsdfs@free.fr', 'null', 'bvbcvcv', '4h', 11, NULL, 3, 1, 0, 0, NULL, NULL, '0.00'),
(4, 'DESJARDIN', 'Maelys', 'fgfdgdfg', '2009-10-18', 'Fille', 'fgddfgd', 'CLAPIERS', '34830', 'ghgfhgf@free.fr', 'null', 'ghhgfh', '4h', 2, NULL, 3, 0, 1, 1, NULL, NULL, '0.00'),
(5, 'SEGUIN', 'Lia', 'fggdgfdgdgdg', '2009-03-19', 'Fille', 'vbcbvcxbv', 'CLAPIERS', '34830', 'test1@free.fr', 'null', 'vbcbcbc', '4h', 6, NULL, 3, 0, 0, 0, NULL, NULL, '0.00'),
(6, 'VENNAT', 'Maylin', 'fffdsgf', '2008-04-19', 'Fille', 'nvccvbxvcbc', 'CLAPIERS', '34830', 'test1@free.fr', 'null', 'gdgfgdfg', '4h', 0, NULL, 3, 1, 1, 1, NULL, NULL, '0.00'),
(7, 'FLECHER', 'Aurore', 'dfgfddfgdf', '2008-02-19', 'Fille', 'nvccvbxvcbc', 'CLAPIERS', '34830', 'ghgfhgf@free.fr', 'null', 'dfgdfgdg', '4h', NULL, NULL, 3, 1, 1, 1, NULL, NULL, '0.00'),
(8, 'KADY', 'Lou', 'xcvcxvxv', '2007-03-18', 'Fille', 'vbcbcvb', 'CLAPIERS', '34830', 'test2@free.fr', 'null', 'cxvxcvcxwvx', '4h', 6, NULL, 3, 0, 0, 0, NULL, 1, '0.00'),
(9, 'LABROT', 'Margaux', 'hbdsfhgh', '2006-04-19', 'Fille', 'nvccvbxvcbc', 'CLAPIERS', '34000', 'fdfgdf@free.fr', 'null', 'LABROT MARGAUX', '4h', NULL, NULL, 3, 1, 1, 1, NULL, NULL, '0.00'),
(10, 'GUILLERMIN', 'Isild', 'dgrhfd', '2006-03-14', 'Fille', 'hfghhfghg', 'CLAPIERS', '34830', 'dffddsfsdfs@free.fr', 'null', 'dcghrftdhgfchgf', '45 min', NULL, NULL, 3, 0, 0, 0, NULL, NULL, '0.00'),
(11, 'RIETH', 'Marine', 'cqsfddsqf', '2004-10-31', 'Fille', 'qsfsdgrj', 'CLAPIERS', '34830', 'ghgfhgf@free.fr', 'null', 'dfhdfh', '4h', 11, NULL, 3, 1, 1, 1, NULL, NULL, '0.00'),
(12, 'CAUQUIL', 'Marine', 'qszfqsgt', '2002-06-30', 'Fille', 'sdgfsdg', 'CLAPIERS', '34830', 'test1@free.fr', 'null', 'hcjcgju', '4h', 1, NULL, 3, 1, 0, 0, NULL, NULL, '0.00'),
(13, 'LATREMOUILLE', 'Romane', 'khuyf', '2004-09-04', 'Fille', 'dbsdf', 'CLAPIERS', '34000', 'ghgfhgf@free.fr', 'null', 'qsw<DFQZSF', '4h', NULL, NULL, 3, 1, 1, 1, NULL, NULL, '0.00'),
(14, 'AUDABRAM', 'CLOE', 'HKJGFY', '2004-07-08', 'Fille', 'nvccvbxvcbc', 'FDGGFD', '34000', 'fdfgdf@free.fr', 'null', 'xdfwsdgf', '4h', NULL, NULL, 3, 1, 1, 1, NULL, 1, '0.00'),
(15, 'CASTILLO', 'Meline', 'dfsghszg', '2005-08-05', 'Fille', 'dfsgsd', 'CLAPIERS', '34000', 'test2@free.fr', 'null', 'chfcfhg', '4h', NULL, NULL, 3, 1, 1, 1, NULL, 1, '0.00'),
(16, 'DESACHY', 'Marion', 'dfsdfsdfsd', '1997-05-18', 'Fille', 'gdfdfsh', 'CLAPIERS', '34000', 'test2@free.fr', 'null', 'dfghsdfhg', '4h', 15, NULL, 3, 1, 1, 1, NULL, 1, '0.00'),
(17, 'LAZERGES', 'Louise', 'fbgfdxh', '2001-07-02', 'Fille', 'ghjcgfh', 'CLAPIERS', '34830', 'test1@free.fr', 'null', 'gfhjvbnhjcv', '4h', 12, NULL, 3, 1, 0, 0, NULL, NULL, '0.00'),
(18, 'ANGILLELLA', 'Ambre', 'wxcfgxdt', '2001-03-19', 'Fille', 'gdfgfdgfdlmkgdfm', 'CLAPIERS', '34830', 'test1@free.fr', 'null', 'gfdhgfhgfhgf', '4h', NULL, NULL, 3, 1, 1, 1, NULL, NULL, '0.00'),
(19, 'ELHILALI LOPES', 'Mariah', 'fhdfyu', '2001-04-19', 'Fille', 'gdfgfdgfdlmkgdfm', 'CLAPIERS', '34000', 'dffddsfsdfs@free.fr', 'null', 'gfdhgfhgfhgf', '4h', 13, NULL, 3, 1, 1, 1, NULL, NULL, '0.00'),
(20, 'LACHAUD', 'Lola', 'dfgsdh', '1996-03-15', 'Fille', 'gdfgfdgfdlmkgdfm', 'CLAPIERS', '34000', 'fdfgdf@free.fr', 'null', 'fdgfdgdfgdf', '4h', 15, NULL, 3, 0, 0, 0, NULL, NULL, '0.00'),
(21, 'BERTHEZENE', 'Elsa', 'fdhgdfgh', '2003-05-19', 'Fille', 'cvcvcxvxcvcx', 'bbbbbbbb', 'bbbbbb', 'dffddsfsdfs@free.fr', 'null', 'fghcxhb', '4h', 0, NULL, 3, 1, 0, 0, NULL, NULL, '0.00'),
(22, 'LATREMOUILLE', 'Clara', 'gffgfdgfdg', '2004-01-19', 'Fille', 'gfgds', 'CLAPIERS', '34830', 'fdfgdf@free.fr', 'null', 'fggdgsd', '4h', 0, NULL, 3, 1, 1, 1, NULL, NULL, '0.00'),
(23, 'BOULANGER', 'Boulanger', 'vcxwvcxx', '2005-02-18', 'Fille', 'vcvwcvxw', 'CLAPIERS', '34830', 'fdfgdf@free.fr', 'null', 'fgfdgdfgfdg', '4h', NULL, NULL, 3, 1, 1, 1, NULL, NULL, '0.00'),
(24, 'MIRMAN', 'Elisa', 'fdhgdfgh', '2005-08-13', 'Fille', 'nvccvbxvcbc', 'CLAPIERS', '34830', 'dffddsfsdfs@free.fr', 'null', 'dfsdfsdfsd', '4h', NULL, NULL, 3, 1, 1, 1, NULL, NULL, '0.00'),
(25, 'MION', 'Lucie', 'cvcxvxcwxcv', '2003-01-19', 'Fille', 'cvwvwxvc', 'CLAPIERS', '34830', 'ghgfhgf@free.fr', 'null', 'fghcxhb', '4h', 9, NULL, 3, 1, 1, 1, NULL, NULL, '0.00'),
(26, 'RIGOLET', 'Lucile', 'montpellier', '2008-04-15', 'Fille', 'hfghhfghg', 'CLAPIERS', '34830', 'test1@free.fr', 'null', 'gfdhgfhgfhgf', '4h', 9, NULL, 3, 0, 1, 1, NULL, NULL, '0.00'),
(27, 'VILLEGAS', 'Elsa', 'montpellier', '2008-04-17', 'Fille', 'nvccvbxvcbc', 'CLAPIERS', '34830', 'fdfgdf@free.fr', 'null', 'fgfdgdfgfdg', '4h', 7, NULL, 3, 1, 1, 1, NULL, NULL, '0.00'),
(28, 'DECLERK', 'Chloe', 'dsfsdfsd', '2008-06-17', 'Fille', 'nvccvbxvcbc', 'CLAPIERS', '34830', 'fdfgdf@free.fr', 'null', 'fghcxhb', '4h', 13, NULL, 3, 0, 0, 0, NULL, 1, '0.00'),
(29, 'STOIAN', 'Ayelen', 'dfdsfsf', '2008-02-18', 'Fille', 'nvccvbxvcbc', 'CLAPIERS', '34830', 'dffddsfsdfs@free.fr', 'null', 'fdsdfsfsdfsdf', '4h', NULL, NULL, 3, 1, 1, 1, NULL, NULL, '0.00'),
(30, 'FAHARI', 'Syrine', 'fdgfdgdfgfg', '2008-05-19', 'Fille', 'gdfgfdgfdlmkgdfm', 'CLAPIERS', '34830', 'ama.cloitre@free.fr', 'null', 'fghcxhb', '4h', 10, NULL, 3, 1, 1, 1, NULL, NULL, '0.00'),
(31, 'MARIN', 'Stella', 'fdhgdfgh', '2008-03-06', 'Fille', 'gdfgfdgfdlmkgdfm', 'CLAPIERS', '34830', 'vbv@free.fr', 'null', 'fdgfdgdfgdf', '4h', NULL, NULL, 3, 1, 0, 0, NULL, NULL, '0.00'),
(32, 'VERDELLAN', 'Emma', 'dfsdfsdfsd', '2004-08-05', 'Fille', 'nvccvbxvcbc', 'CLAPIERS', '34830', 'dffddsfsdfs@free.fr', 'null', 'vbvcbcxb', '4h', 16, NULL, 3, 1, 1, 1, NULL, NULL, '0.00'),
(33, 'CLOITRE', 'Camille', 'chongquing', '2003-07-05', 'Fille', '11 rue joseph Delteil', 'CLAPIERS', '34830', 'ama.cloitre@free.fr', 'null', 'Cloitre Sandrine', '4h', 16, NULL, 3, 1, 1, 0, NULL, 0, '50.00'),
(34, 'VILLEGAS', 'Leane', 'montpellier', '2005-03-19', 'Fille', 'nvccvbxvcbc', 'CLAPIERS', '34830', 'ama.cloitre@free.fr', 'null', 'gfdhgfhgfhgf', '4h', 16, NULL, 3, 1, 1, 1, NULL, NULL, '0.00'),
(35, 'LHOSTE', 'Noe', 'dfsdfsdfsd', '2004-04-19', 'Fille', 'nvccvbxvcbc', 'CLAPIERS', '34830', 'fdfgdf@free.fr', 'null', 'Cloitre Sandrine', '4h', 16, NULL, 3, 0, 0, 0, NULL, NULL, '0.00'),
(36, 'TRICAUD', 'Laetitia', 'fdhgdfgh', '2003-04-19', 'Fille', 'gdfgfdgfdlmkgdfm', 'MONTPELLIER', '34000', 'ama.cloitre@free.fr', 'null', 'fghcxhb', '4h', 9, NULL, 3, 1, 1, 1, NULL, 1, '0.00'),
(37, 'BARRET', 'Albane', 'fdhgdfgh', '2012-02-17', 'Fille', 'gdfgfdgfdlmkgdfm', 'CLAPIERS', '34830', 'ghgfhgf@free.fr', 'null', 'fghcxhb', '2h', 2, NULL, 4, 1, 1, 1, NULL, NULL, '0.00'),
(38, 'SULTAN', 'Abel', 'fdhgdfgh', '2014-12-18', 'Fille', 'gdfgfdgfdlmkgdfm', 'CLAPIERS', '34830', 'dffddsfsdfs@free.fr', 'null', 'gfdhgfhgfhgf', '45 min', 1, NULL, 1, NULL, NULL, NULL, NULL, NULL, '0.00'),
(39, 'TROMMENSCHLAGER', 'Anaelle', 'fdhgdfgh', '2013-11-19', 'Fille', 'hfghhfghg', 'CLAPIERS', '34830', 'test1@free.fr', 'null', 'fdgfdgdfgdf', '1h30', 2, NULL, 4, 1, 1, 1, NULL, NULL, '0.00'),
(40, 'CLAVE', 'Oceane', 'dfsdfsdfsd', '2006-01-18', 'Fille', 'gdfgfdgfdlmkgdfm', 'CLAPIERS', '34830', 'dffddsfsdfs@free.fr', 'null', 'fgfdgdfgfdg', '1h30', 5, NULL, 4, 1, 0, 0, NULL, 1, '0.00'),
(41, 'ALCOUFFE', 'Clhoe', 'dfsdfsdfsd', '2009-08-30', 'Fille', 'nvccvbxvcbc', 'CLAPIERS', '34000', 'ghgfhgf@free.fr', 'null', 'gfdhgfhgfhgf', '1h30', 5, NULL, 3, 1, 1, 1, NULL, NULL, '0.00'),
(42, 'LEGLEYE', 'Camille', 'dfsdfsdfsd', '2006-07-18', 'Fille', 'nvccvbxvcbc', 'CLAPIERS', '34830', 'fdfgdf@free.fr', 'null', 'bnvbvnbvnbv', '1h30', 1, NULL, 4, 0, 1, 1, NULL, 1, '0.00'),
(69, 'VGDFGDFX', 'Ghgfhgfh', 'ghghfhgfdh', '2009-05-05', 'Fille', 'gfhgfhfg', 'CLAPIERS', '34830', 'hgfhgfrr@dfqsf.fr', NULL, 'ghffghfgh', '4h', NULL, NULL, 3, NULL, NULL, NULL, NULL, NULL, '1.00'),
(70, 'VGDFGDFX', 'Ghgfhgfh', 'ghghfhgfdh', '2009-05-05', 'Fille', 'gfhgfhfg', 'CLAPIERS', '34830', 'hgfhgfrr@dfqsf.fr', NULL, 'ghffghfgh', '4h', NULL, NULL, 3, NULL, NULL, NULL, NULL, NULL, '1.00'),
(62, 'CVXCVXCVCX', 'Cxvvxvc', 'vbcvbcvb', '2007-03-19', 'Fille', 'dddddddddddddd', 'CLAPIERS', '34830', 'dffddsfsdfs@free.fr', 'aaaa@free.fr', 'n,nb,bn,n,', '2h', NULL, NULL, 4, 1, 1, 0, NULL, NULL, '0.00'),
(68, 'VGDFGDFX', 'Ghgfhgfh', 'ghghfhgfdh', '2009-05-05', 'Fille', 'gfhgfhfg', 'CLAPIERS', '34830', 'hgfhgfrr@dfqsf.fr', NULL, 'ghffghfgh', '4h', NULL, NULL, 3, NULL, NULL, NULL, NULL, NULL, '1.00'),
(67, 'VGDFGDFX', 'Ghgfhgfh', 'ghghfhgfdh', '2009-05-05', 'Fille', 'gfhgfhfg', 'CLAPIERS', '34830', 'hgfhgfrr@dfqsf.fr', NULL, 'ghffghfgh', '4h', NULL, NULL, 3, NULL, NULL, NULL, NULL, NULL, '1.00'),
(65, 'TEST', 'Testprenom', 'testlieu', '2009-12-16', 'Fille', 'test ruetest complement', 'CLAPIERS', '34830', 'test1@free.fr', 'null', 'testUrgence', '2h', 1, NULL, 3, 0, 1, 1, NULL, 1, '0.00'),
(71, 'FGDFGFD', 'Fggfdh', 'vbbcbvcbx', '2006-11-12', 'Fille', 'bnvncn', 'CLAPIERS', '34800', 'ama.cloitre@free.fr', NULL, 'bnvnvcn', '3h30', 21, NULL, 3, NULL, NULL, NULL, NULL, NULL, '1.00'),
(72, 'BNBNVN', 'Bnbvnv', 'ghghfhgfdh', '2016-12-16', 'Fille', 'hfghhfghg', 'MONTPELLIER', '34000', 'dffddsfsdfs@free.fr', NULL, 'uuuuuuuu', '4h', NULL, NULL, 3, NULL, NULL, NULL, NULL, NULL, '1.00'),
(73, 'DDDDD', 'Ddddd', 'dddddddddddd', '2004-03-02', 'Fille', 'gfhgfhfg', 'TEST', '34800', 'dffddsfsdfs@free.fr', NULL, 'sssssssssss', '4h', NULL, NULL, 3, NULL, NULL, NULL, NULL, NULL, '1.00'),
(74, 'DDDDD', 'Ddddd', 'dddddddddddd', '2004-03-02', 'Fille', 'gfhgfhfg', 'TEST', '34800', 'dffddsfsdfs@free.fr', NULL, 'sssssssssss', '4h', NULL, NULL, 3, NULL, NULL, NULL, NULL, NULL, '1.00'),
(75, 'DDDDD', 'Ddddd', 'dddddddddddd', '2004-03-02', 'Fille', 'gfhgfhfg', 'TEST', '34800', 'dffddsfsdfs@free.fr', NULL, 'sssssssssss', '4h', NULL, NULL, 3, NULL, NULL, NULL, NULL, NULL, '1.00'),
(76, 'DDDDD', 'Ddddd', 'dddddddddddd', '2004-03-02', 'Fille', 'gfhgfhfg', 'TEST', '34800', 'dffddsfsdfs@free.fr', NULL, 'sssssssssss', '4h', NULL, NULL, 3, NULL, NULL, NULL, NULL, NULL, '1.00'),
(77, 'DDDDD', 'Ddddd', 'dddddddddddd', '2004-03-02', 'Fille', 'gfhgfhfg', 'TEST', '34800', 'dffddsfsdfs@free.fr', NULL, 'sssssssssss', '4h', NULL, NULL, 3, NULL, NULL, NULL, NULL, NULL, '1.00'),
(78, 'DDDDD', 'Ddddd', 'dddddddddddd', '2004-03-02', 'Fille', 'gfhgfhfg', 'TEST', '34800', 'dffddsfsdfs@free.fr', NULL, 'sssssssssss', '4h', NULL, NULL, 3, NULL, NULL, NULL, NULL, NULL, '1.00'),
(79, 'DDDDD', 'Ddddd', 'dddddddddddd', '2004-03-02', 'Fille', 'gfhgfhfg', 'TEST', '34800', 'dffddsfsdfs@free.fr', NULL, 'sssssssssss', '4h', NULL, NULL, 3, NULL, NULL, NULL, NULL, NULL, '1.00'),
(80, 'DDDDD', 'Ddddd', 'dddddddddddd', '2004-03-02', 'Fille', 'gfhgfhfg', 'TEST', '34800', 'dffddsfsdfs@free.fr', NULL, 'sssssssssss', '4h', NULL, NULL, 3, NULL, NULL, NULL, NULL, NULL, '1.00'),
(81, 'DDDDD', 'Ddddd', 'dddddddddddd', '2004-03-02', 'Fille', 'gfhgfhfg', 'TEST', '34800', 'dffddsfsdfs@free.fr', NULL, 'sssssssssss', '4h', NULL, NULL, 3, NULL, NULL, NULL, NULL, NULL, '1.00'),
(82, 'DDDDD', 'Ddddd', 'dddddddddddd', '2004-03-02', 'Fille', 'gfhgfhfg', 'TEST', '34800', 'dffddsfsdfs@free.fr', NULL, 'sssssssssss', '4h', NULL, NULL, 3, NULL, NULL, NULL, NULL, NULL, '1.00'),
(83, 'GHGFHFG', 'Hgfghgf', 'ghfghgf', '2010-08-04', 'Fille', 'ghghh', 'CLAPIERS', '34800', 'test1@free.fr', NULL, 'ghffghfgh', '2h', NULL, NULL, 3, NULL, NULL, NULL, NULL, NULL, '1.00'),
(84, 'FGDG', 'Gfdfgfd', 'gfdfg', '2002-12-18', 'Fille', 'gfdg', 'BCBCVB', '34830', 'fdfgdf@free.fr', NULL, 'fgdfg', '3h', NULL, NULL, 4, NULL, NULL, NULL, NULL, NULL, '1.00'),
(85, 'FGDG', 'Gfdfgfd', 'gfdfg', '2002-12-18', 'Fille', 'gfdg', 'BCBCVB', '34830', 'fdfgdf@free.fr', NULL, 'fgdfg', '3h', NULL, NULL, 4, NULL, NULL, NULL, NULL, NULL, '1.00'),
(86, 'FGDG', 'Gfdfgfd', 'gfdfg', '2002-12-18', 'Fille', 'gfdg', 'BCBCVB', '34830', 'fdfgdf@free.fr', NULL, 'fgdfg', '3h', NULL, NULL, 4, NULL, NULL, NULL, NULL, NULL, '1.00'),
(87, 'FGDG', 'Gfdfgfd', 'gfdfg', '2002-12-18', 'Fille', 'gfdg', 'BCBCVB', '34830', 'fdfgdf@free.fr', NULL, 'fgdfg', '3h', NULL, NULL, 4, NULL, NULL, NULL, NULL, NULL, '1.00'),
(88, 'FGDG', 'Gfdfgfd', 'gfdfg', '2002-12-18', 'Fille', 'gfdg', 'BCBCVB', '34830', 'fdfgdf@free.fr', NULL, 'fgdfg', '3h', NULL, NULL, 4, NULL, NULL, NULL, NULL, NULL, '1.00'),
(89, 'FGDG', 'Gfdfgfd', 'gfdfg', '2002-12-18', 'Fille', 'gfdg', 'BCBCVB', '34830', 'fdfgdf@free.fr', NULL, 'fgdfg', '3h', NULL, NULL, 4, NULL, NULL, NULL, NULL, NULL, '1.00'),
(90, 'FGDG', 'Gfdfgfd', 'gfdfg', '2002-12-18', 'Fille', 'gfdg', 'BCBCVB', '34830', 'fdfgdf@free.fr', NULL, 'fgdfg', '3h', NULL, NULL, 4, NULL, NULL, NULL, NULL, NULL, '1.00'),
(91, 'FGDG', 'Gfdfgfd', 'gfdfg', '2002-12-18', 'Fille', 'gfdg', 'BCBCVB', '34830', 'fdfgdf@free.fr', NULL, 'fgdfg', '3h', NULL, NULL, 4, NULL, NULL, NULL, NULL, NULL, '1.00'),
(92, 'FGDG', 'Gfdfgfd', 'gfdfg', '2002-12-18', 'Fille', 'gfdg', 'BCBCVB', '34830', 'fdfgdf@free.fr', NULL, 'fgdfg', '3h', NULL, NULL, 4, NULL, NULL, NULL, NULL, NULL, '1.00'),
(93, 'FGDG', 'Gfdfgfd', 'gfdfg', '2002-12-18', 'Fille', 'gfdg', 'BCBCVB', '34830', 'fdfgdf@free.fr', NULL, 'fgdfg', '3h', NULL, NULL, 4, NULL, NULL, NULL, NULL, NULL, '1.00'),
(94, 'FGDG', 'Gfdfgfd', 'gfdfg', '2002-12-18', 'Fille', 'gfdg', 'BCBCVB', '34830', 'fdfgdf@free.fr', NULL, 'fgdfg', '3h', NULL, NULL, 4, NULL, NULL, NULL, NULL, NULL, '1.00'),
(95, 'FGDG', 'Gfdfgfd', 'gfdfg', '2002-12-18', 'Fille', 'gfdg', 'BCBCVB', '34830', 'fdfgdf@free.fr', NULL, 'fgdfg', '3h', NULL, NULL, 4, NULL, NULL, NULL, NULL, NULL, '1.00'),
(96, 'FGDG', 'Gfdfgfd', 'gfdfg', '2002-12-18', 'Fille', 'gfdg', 'BCBCVB', '34830', 'fdfgdf@free.fr', NULL, 'fgdfg', '3h', NULL, NULL, 4, NULL, NULL, NULL, NULL, NULL, '1.00'),
(97, 'FGDG', 'Gfdfgfd', 'gfdfg', '2002-12-18', 'Fille', 'gfdg', 'BCBCVB', '34830', 'fdfgdf@free.fr', NULL, 'fgdfg', '3h', NULL, NULL, 4, NULL, NULL, NULL, NULL, NULL, '1.00'),
(98, 'HGJHFGJ', 'Hjghjhg', 'gbhjgf', '2004-09-17', 'Fille', 'gfdg', 'CLAPIERS', '34830', 'dffddsfsdfs@free.fr', NULL, 'hjhgjghhgj', '2h30', NULL, NULL, 3, NULL, NULL, NULL, NULL, NULL, '1.00');

-- --------------------------------------------------------

--
-- Structure de la table `adherents_sections`
--

DROP TABLE IF EXISTS `adherents_sections`;
CREATE TABLE IF NOT EXISTS `adherents_sections` (
  `adherent_id` int(10) UNSIGNED NOT NULL,
  `section_id` int(10) UNSIGNED NOT NULL,
  KEY `adherent_section_adherent_id_foreign` (`adherent_id`),
  KEY `adherent_section_section_id_foreign` (`section_id`)
) ENGINE=MyISAM DEFAULT CHARSET=utf8mb4 COLLATE=utf8mb4_unicode_ci;

--
-- Déchargement des données de la table `adherents_sections`
--

INSERT INTO `adherents_sections` (`adherent_id`, `section_id`) VALUES
(30, 1),
(31, 3),
(32, 2);

-- --------------------------------------------------------

--
-- Structure de la table `adherent_creneau`
--

DROP TABLE IF EXISTS `adherent_creneau`;
CREATE TABLE IF NOT EXISTS `adherent_creneau` (
  `adherent_id` int(10) UNSIGNED NOT NULL,
  `creneau_id` int(10) UNSIGNED NOT NULL
) ENGINE=MyISAM DEFAULT CHARSET=utf8mb4 COLLATE=utf8mb4_unicode_ci;

--
-- Déchargement des données de la table `adherent_creneau`
--

INSERT INTO `adherent_creneau` (`adherent_id`, `creneau_id`) VALUES
(55, 2),
(54, 1),
(39, 6),
(33, 7),
(62, 6),
(33, 4),
(33, 2),
(63, 2),
(64, 6),
(62, 5),
(62, 2),
(64, 8),
(64, 7),
(37, 4),
(60, 4),
(60, 7),
(37, 7),
(63, 2),
(61, 2),
(38, 2),
(60, 2),
(42, 8),
(28, 8),
(65, 8),
(7, 5),
(27, 7),
(60, 8),
(23, 6),
(14, 8),
(41, 8),
(37, 2),
(12, 8),
(12, 4),
(65, 8),
(31, 12),
(4, 4),
(21, 8),
(60, 8),
(9, 4),
(21, 2),
(19, 5),
(32, 7),
(39, 2),
(62, 2),
(29, 2),
(7, 8),
(28, 5),
(28, 5),
(30, 8),
(40, 2),
(60, 8),
(38, 5),
(38, 9),
(30, 12),
(30, 11),
(7, 12),
(38, 12),
(9, 12),
(10, 12),
(24, 12),
(24, 10),
(10, 12),
(15, 11),
(15, 12),
(24, 11),
(23, 12),
(15, 8),
(15, 12),
(15, 12),
(6, 12),
(22, 12),
(6, 12),
(18, 12),
(18, 12),
(5, 12),
(8, 12),
(8, 12),
(2, 12),
(5, 12),
(27, 2),
(27, 9),
(36, 5),
(25, 2),
(1, 12),
(3, 12),
(26, 12),
(36, 12),
(11, 12),
(16, 12),
(17, 12),
(17, 12),
(19, 12),
(17, 12),
(41, 12),
(4, 12),
(41, 12),
(4, 12),
(25, 12),
(25, 12),
(36, 12),
(26, 12),
(26, 12),
(17, 12),
(32, 12),
(13, 2),
(12, 12),
(1, 6),
(20, 11),
(34, 12),
(20, 11),
(34, 12),
(16, 12),
(16, 12),
(20, 12),
(63, 12),
(4, 12),
(8, 12),
(27, 12),
(7, 12),
(38, 9),
(38, 12),
(31, 10),
(4, 8),
(66, 12),
(64, 12),
(37, 12),
(37, 12),
(8, 12),
(20, 12),
(63, 12),
(35, 2),
(33, 8),
(34, 9),
(7, 12),
(38, 2),
(28, 12),
(28, 9),
(30, 8),
(38, 9),
(38, 6),
(38, 5),
(38, 6),
(240, 9),
(30, 2),
(71, 12);

-- --------------------------------------------------------

--
-- Structure de la table `adherent_section`
--

DROP TABLE IF EXISTS `adherent_section`;
CREATE TABLE IF NOT EXISTS `adherent_section` (
  `adherent_id` int(10) UNSIGNED NOT NULL,
  `creneau_id` int(10) UNSIGNED NOT NULL
) ENGINE=MyISAM DEFAULT CHARSET=utf8mb4 COLLATE=utf8mb4_unicode_ci;

-- --------------------------------------------------------

--
-- Structure de la table `autorisations`
--

DROP TABLE IF EXISTS `autorisations`;
CREATE TABLE IF NOT EXISTS `autorisations` (
  `id` int(10) UNSIGNED NOT NULL AUTO_INCREMENT,
  `ok` tinyint(1) NOT NULL DEFAULT '0',
  `typeAuto_id` int(10) UNSIGNED NOT NULL,
  `adherent_id` int(10) UNSIGNED NOT NULL,
  PRIMARY KEY (`id`),
  KEY `autorisations_typeauto_id_foreign` (`typeAuto_id`),
  KEY `autorisations_adherent_id_foreign` (`adherent_id`)
) ENGINE=MyISAM AUTO_INCREMENT=1321 DEFAULT CHARSET=utf8mb4 COLLATE=utf8mb4_unicode_ci;

--
-- Déchargement des données de la table `autorisations`
--

INSERT INTO `autorisations` (`id`, `ok`, `typeAuto_id`, `adherent_id`) VALUES
(1, 1, 1, 21),
(2, 0, 2, 21),
(335, 1, 2, 86),
(334, 1, 1, 86),
(5, 1, 1, 22),
(6, 1, 2, 22),
(333, 0, 3, 85),
(332, 1, 2, 85),
(9, 1, 1, 23),
(10, 0, 2, 23),
(331, 1, 1, 85),
(330, 0, 3, 84),
(13, 1, 1, 24),
(329, 1, 2, 84),
(328, 1, 1, 84),
(16, 1, 2, 24),
(17, 1, 1, 25),
(18, 1, 2, 25),
(327, 0, 3, 83),
(326, 1, 2, 83),
(21, 1, 1, 26),
(22, 1, 2, 26),
(325, 1, 1, 83),
(324, 0, 3, 82),
(25, 1, 1, 27),
(26, 0, 2, 27),
(323, 1, 2, 82),
(322, 1, 1, 82),
(29, 1, 1, 30),
(30, 0, 2, 30),
(321, 0, 3, 81),
(320, 1, 2, 81),
(33, 1, 1, 31),
(34, 1, 2, 31),
(319, 1, 1, 81),
(318, 0, 3, 80),
(37, 1, 1, 32),
(38, 1, 2, 32),
(317, 1, 2, 80),
(316, 1, 1, 80),
(301, 1, 1, 75),
(300, 0, 3, 74),
(315, 0, 3, 79),
(314, 1, 2, 79),
(309, 0, 3, 77),
(308, 1, 2, 77),
(307, 1, 1, 77),
(306, 0, 3, 76),
(310, 1, 1, 78),
(311, 1, 2, 78),
(313, 1, 1, 79),
(312, 0, 3, 78),
(302, 1, 2, 75),
(303, 0, 3, 75),
(304, 1, 1, 76),
(305, 1, 2, 76),
(299, 1, 2, 74),
(298, 1, 1, 74),
(297, 0, 3, 73),
(60, 1, 4, 3),
(295, 1, 1, 73),
(294, 0, 3, 72),
(293, 1, 2, 72),
(296, 1, 2, 73),
(292, 1, 1, 72),
(291, 0, 3, 71),
(290, 1, 2, 71),
(289, 1, 1, 71),
(69, 1, 1, 1),
(70, 1, 2, 1),
(71, 1, 3, 1),
(72, 0, 4, 1),
(73, 1, 1, 2),
(74, 1, 2, 2),
(75, 1, 3, 2),
(76, 0, 4, 2),
(77, 1, 1, 3),
(78, 1, 2, 3),
(79, 1, 3, 3),
(80, 1, 4, 3),
(81, 1, 1, 4),
(82, 0, 2, 4),
(83, 1, 3, 4),
(84, 0, 4, 4),
(85, 1, 1, 5),
(86, 1, 2, 5),
(87, 1, 3, 5),
(88, 0, 4, 5),
(89, 1, 1, 6),
(90, 1, 2, 6),
(91, 1, 3, 6),
(92, 0, 4, 6),
(93, 1, 1, 7),
(94, 1, 2, 7),
(95, 1, 3, 7),
(96, 1, 4, 7),
(97, 1, 1, 8),
(98, 1, 2, 8),
(99, 1, 3, 8),
(100, 1, 4, 8),
(101, 1, 1, 9),
(102, 1, 2, 9),
(103, 1, 3, 9),
(104, 0, 4, 9),
(105, 1, 1, 10),
(106, 1, 2, 10),
(107, 1, 3, 10),
(108, 1, 4, 10),
(109, 1, 1, 11),
(110, 1, 2, 11),
(111, 1, 3, 11),
(112, 1, 4, 11),
(113, 1, 1, 12),
(114, 1, 2, 12),
(115, 1, 3, 12),
(116, 1, 4, 12),
(117, 0, 1, 13),
(118, 1, 2, 13),
(119, 1, 3, 13),
(120, 1, 4, 13),
(121, 1, 1, 14),
(122, 0, 2, 14),
(123, 1, 3, 14),
(124, 0, 4, 14),
(125, 1, 1, 15),
(126, 0, 2, 15),
(127, 1, 3, 15),
(128, 1, 4, 15),
(129, 1, 1, 16),
(130, 0, 2, 16),
(131, 1, 3, 16),
(132, 1, 4, 16),
(133, 0, 1, 17),
(134, 1, 2, 17),
(135, 1, 3, 17),
(136, 1, 4, 17),
(137, 0, 1, 18),
(138, 1, 2, 18),
(139, 1, 3, 18),
(140, 1, 4, 18),
(141, 1, 1, 19),
(142, 0, 2, 19),
(143, 1, 3, 19),
(144, 1, 4, 19),
(145, 1, 1, 20),
(146, 1, 2, 20),
(147, 0, 3, 20),
(148, 0, 4, 20),
(288, 0, 4, 70),
(287, 0, 3, 70),
(151, 1, 3, 21),
(152, 1, 4, 21),
(286, 1, 2, 70),
(285, 1, 1, 70),
(155, 1, 3, 22),
(156, 1, 4, 22),
(284, 0, 4, 69),
(283, 0, 3, 69),
(159, 1, 3, 23),
(160, 1, 4, 23),
(282, 1, 2, 69),
(281, 1, 1, 69),
(163, 1, 3, 24),
(164, 1, 4, 24),
(280, 0, 4, 68),
(279, 0, 3, 68),
(167, 1, 3, 25),
(168, 1, 4, 25),
(278, 1, 2, 68),
(277, 1, 1, 68),
(171, 1, 3, 26),
(172, 1, 4, 26),
(276, 0, 4, 67),
(275, 0, 3, 67),
(175, 1, 3, 27),
(176, 1, 4, 27),
(177, 1, 1, 28),
(178, 1, 2, 28),
(179, 1, 3, 28),
(180, 1, 4, 28),
(181, 1, 1, 29),
(182, 1, 2, 29),
(183, 1, 3, 29),
(184, 1, 4, 29),
(274, 1, 2, 67),
(273, 1, 1, 67),
(187, 1, 3, 30),
(188, 1, 4, 30),
(272, 1, 4, 66),
(271, 1, 3, 66),
(191, 1, 3, 31),
(192, 1, 4, 31),
(270, 1, 2, 66),
(269, 1, 1, 66),
(195, 1, 3, 32),
(196, 1, 4, 32),
(197, 1, 1, 33),
(198, 1, 2, 33),
(199, 1, 3, 33),
(200, 1, 4, 33),
(201, 1, 1, 34),
(202, 1, 2, 34),
(203, 1, 3, 34),
(204, 1, 4, 34),
(205, 1, 1, 35),
(206, 1, 2, 35),
(207, 1, 3, 35),
(208, 1, 4, 35),
(209, 1, 1, 36),
(210, 1, 2, 36),
(211, 1, 3, 36),
(212, 1, 4, 36),
(213, 1, 1, 37),
(214, 1, 2, 37),
(215, 0, 3, 37),
(216, 1, 4, 37),
(217, 1, 1, 38),
(218, 1, 2, 38),
(219, 1, 3, 38),
(220, 1, 4, 38),
(221, 1, 1, 39),
(222, 1, 2, 39),
(223, 1, 3, 39),
(224, 0, 4, 39),
(225, 1, 1, 40),
(226, 1, 2, 40),
(227, 1, 3, 40),
(228, 1, 4, 40),
(229, 1, 1, 41),
(230, 1, 2, 41),
(231, 1, 3, 41),
(232, 0, 4, 41),
(233, 1, 1, 42),
(234, 1, 2, 42),
(235, 1, 3, 42),
(236, 1, 4, 42),
(237, 1, 1, 52),
(238, 1, 2, 52),
(239, 1, 3, 52),
(240, 1, 4, 52),
(241, 1, 1, 53),
(242, 1, 2, 53),
(243, 1, 3, 53),
(244, 1, 4, 53),
(245, 1, 1, 60),
(246, 1, 2, 60),
(247, 1, 3, 60),
(248, 1, 4, 60),
(249, 1, 1, 61),
(250, 1, 2, 61),
(251, 1, 3, 61),
(252, 1, 4, 61),
(253, 1, 1, 62),
(254, 0, 2, 62),
(255, 0, 3, 62),
(256, 1, 4, 62),
(257, 0, 1, 63),
(258, 1, 2, 63),
(259, 1, 3, 63),
(260, 1, 4, 63),
(261, 1, 1, 64),
(262, 0, 2, 64),
(263, 1, 3, 64),
(264, 1, 4, 64),
(265, 1, 1, 65),
(266, 1, 2, 65),
(267, 1, 3, 65),
(268, 1, 4, 65),
(336, 0, 3, 86),
(337, 1, 1, 87),
(338, 1, 2, 87),
(339, 0, 3, 87),
(340, 0, 4, 87),
(341, 1, 1, 88),
(342, 1, 2, 88),
(343, 0, 3, 88),
(344, 0, 4, 88),
(345, 1, 1, 89),
(346, 1, 2, 89),
(347, 0, 3, 89),
(348, 0, 4, 89),
(349, 1, 1, 90),
(350, 1, 2, 90),
(351, 0, 3, 90),
(352, 0, 4, 90),
(353, 1, 1, 91),
(354, 1, 2, 91),
(355, 0, 3, 91),
(356, 0, 4, 91),
(357, 1, 1, 92),
(358, 1, 2, 92),
(359, 0, 3, 92),
(360, 0, 4, 92),
(361, 1, 1, 93),
(362, 1, 2, 93),
(363, 1, 3, 93),
(364, 0, 4, 93),
(365, 0, 1, 94),
(366, 1, 2, 94),
(367, 1, 3, 94),
(368, 1, 4, 94),
(369, 1, 1, 95),
(370, 1, 2, 95),
(371, 1, 3, 95),
(372, 1, 4, 95),
(373, 1, 1, 96),
(374, 1, 2, 96),
(375, 1, 3, 96),
(376, 1, 4, 96),
(377, 1, 1, 97),
(378, 1, 2, 97),
(379, 1, 3, 97),
(380, 1, 4, 97),
(381, 0, 1, 98),
(382, 0, 2, 98),
(383, 0, 3, 98),
(384, 0, 4, 98),
(385, 1, 1, 99),
(386, 1, 2, 99),
(387, 1, 3, 99),
(388, 1, 4, 99),
(389, 1, 1, 100),
(390, 1, 2, 100),
(391, 1, 3, 100),
(392, 1, 4, 100),
(393, 1, 1, 101),
(394, 1, 2, 101),
(395, 1, 3, 101),
(396, 1, 4, 101),
(397, 1, 1, 102),
(398, 1, 2, 102),
(399, 1, 3, 102),
(400, 1, 4, 102),
(401, 1, 1, 103),
(402, 1, 2, 103),
(403, 1, 3, 103),
(404, 1, 4, 103),
(405, 1, 1, 104),
(406, 1, 2, 104),
(407, 1, 3, 104),
(408, 1, 4, 104),
(409, 1, 1, 105),
(410, 1, 2, 105),
(411, 1, 3, 105),
(412, 1, 4, 105),
(413, 1, 1, 106),
(414, 1, 2, 106),
(415, 1, 3, 106),
(416, 1, 4, 106),
(417, 1, 1, 107),
(418, 1, 2, 107),
(419, 1, 3, 107),
(420, 1, 4, 107),
(421, 1, 1, 108),
(422, 1, 2, 108),
(423, 1, 3, 108),
(424, 1, 4, 108),
(425, 1, 1, 109),
(426, 1, 2, 109),
(427, 1, 3, 109),
(428, 1, 4, 109),
(429, 1, 1, 110),
(430, 1, 2, 110),
(431, 1, 3, 110),
(432, 1, 4, 110),
(433, 1, 1, 111),
(434, 1, 2, 111),
(435, 1, 3, 111),
(436, 1, 4, 111),
(437, 1, 1, 112),
(438, 1, 2, 112),
(439, 1, 3, 112),
(440, 1, 4, 112),
(441, 1, 1, 113),
(442, 1, 2, 113),
(443, 1, 3, 113),
(444, 1, 4, 113),
(445, 1, 1, 114),
(446, 1, 2, 114),
(447, 1, 3, 114),
(448, 1, 4, 114),
(449, 1, 1, 115),
(450, 1, 2, 115),
(451, 1, 3, 115),
(452, 1, 4, 115),
(453, 1, 1, 116),
(454, 1, 2, 116),
(455, 1, 3, 116),
(456, 1, 4, 116),
(457, 1, 1, 117),
(458, 1, 2, 117),
(459, 1, 3, 117),
(460, 1, 4, 117),
(461, 1, 1, 118),
(462, 1, 2, 118),
(463, 1, 3, 118),
(464, 1, 4, 118),
(465, 1, 1, 119),
(466, 1, 2, 119),
(467, 1, 3, 119),
(468, 1, 4, 119),
(469, 1, 1, 120),
(470, 1, 2, 120),
(471, 1, 3, 120),
(472, 1, 4, 120),
(473, 1, 1, 121),
(474, 1, 2, 121),
(475, 1, 3, 121),
(476, 1, 4, 121),
(477, 1, 1, 122),
(478, 1, 2, 122),
(479, 1, 3, 122),
(480, 1, 4, 122),
(481, 1, 1, 123),
(482, 1, 2, 123),
(483, 1, 3, 123),
(484, 1, 4, 123),
(485, 0, 1, 124),
(486, 1, 2, 124),
(487, 1, 3, 124),
(488, 1, 4, 124),
(489, 1, 1, 125),
(490, 1, 2, 125),
(491, 1, 3, 125),
(492, 1, 4, 125),
(493, 1, 1, 126),
(494, 1, 2, 126),
(495, 1, 3, 126),
(496, 1, 4, 126),
(497, 1, 1, 127),
(498, 1, 2, 127),
(499, 1, 3, 127),
(500, 1, 4, 127),
(501, 1, 1, 128),
(502, 1, 2, 128),
(503, 1, 3, 128),
(504, 1, 4, 128),
(505, 1, 1, 129),
(506, 1, 2, 129),
(507, 1, 3, 129),
(508, 1, 4, 129),
(509, 1, 1, 130),
(510, 1, 2, 130),
(511, 1, 3, 130),
(512, 1, 4, 130),
(513, 1, 1, 131),
(514, 1, 2, 131),
(515, 1, 3, 131),
(516, 1, 4, 131),
(517, 1, 1, 132),
(518, 1, 2, 132),
(519, 1, 3, 132),
(520, 1, 4, 132),
(521, 1, 1, 133),
(522, 1, 2, 133),
(523, 1, 3, 133),
(524, 1, 4, 133),
(525, 1, 1, 134),
(526, 1, 2, 134),
(527, 1, 3, 134),
(528, 1, 4, 134),
(529, 1, 1, 135),
(530, 1, 2, 135),
(531, 1, 3, 135),
(532, 1, 4, 135),
(533, 1, 1, 136),
(534, 1, 2, 136),
(535, 1, 3, 136),
(536, 1, 4, 136),
(537, 1, 1, 137),
(538, 1, 2, 137),
(539, 1, 3, 137),
(540, 1, 4, 137),
(541, 1, 1, 138),
(542, 1, 2, 138),
(543, 1, 3, 138),
(544, 1, 4, 138),
(545, 1, 1, 139),
(546, 1, 2, 139),
(547, 1, 3, 139),
(548, 1, 4, 139),
(549, 1, 1, 140),
(550, 1, 2, 140),
(551, 1, 3, 140),
(552, 1, 4, 140),
(553, 1, 1, 141),
(554, 1, 2, 141),
(555, 1, 3, 141),
(556, 1, 4, 141),
(557, 1, 1, 142),
(558, 1, 2, 142),
(559, 1, 3, 142),
(560, 1, 4, 142),
(561, 1, 1, 143),
(562, 1, 2, 143),
(563, 1, 3, 143),
(564, 1, 4, 143),
(565, 1, 1, 144),
(566, 1, 2, 144),
(567, 1, 3, 144),
(568, 1, 4, 144),
(569, 1, 1, 145),
(570, 1, 2, 145),
(571, 1, 3, 145),
(572, 1, 4, 145),
(573, 1, 1, 146),
(574, 1, 2, 146),
(575, 1, 3, 146),
(576, 1, 4, 146),
(577, 1, 1, 147),
(578, 1, 2, 147),
(579, 1, 3, 147),
(580, 1, 4, 147),
(581, 1, 1, 148),
(582, 1, 2, 148),
(583, 1, 3, 148),
(584, 1, 4, 148),
(585, 1, 1, 149),
(586, 1, 2, 149),
(587, 1, 3, 149),
(588, 1, 4, 149),
(589, 1, 1, 150),
(590, 1, 2, 150),
(591, 1, 3, 150),
(592, 1, 4, 150),
(593, 1, 1, 151),
(594, 1, 2, 151),
(595, 1, 3, 151),
(596, 1, 4, 151),
(597, 1, 1, 152),
(598, 1, 2, 152),
(599, 1, 3, 152),
(600, 1, 4, 152),
(601, 1, 1, 153),
(602, 1, 2, 153),
(603, 1, 3, 153),
(604, 1, 4, 153),
(605, 1, 1, 154),
(606, 1, 2, 154),
(607, 1, 3, 154),
(608, 1, 4, 154),
(609, 1, 1, 155),
(610, 1, 2, 155),
(611, 1, 3, 155),
(612, 1, 4, 155),
(613, 1, 1, 156),
(614, 1, 2, 156),
(615, 1, 3, 156),
(616, 1, 4, 156),
(617, 1, 1, 157),
(618, 1, 2, 157),
(619, 1, 3, 157),
(620, 1, 4, 157),
(621, 1, 1, 158),
(622, 1, 2, 158),
(623, 1, 3, 158),
(624, 1, 4, 158),
(625, 1, 1, 159),
(626, 1, 2, 159),
(627, 1, 3, 159),
(628, 1, 4, 159),
(629, 1, 1, 160),
(630, 1, 2, 160),
(631, 1, 3, 160),
(632, 1, 4, 160),
(633, 1, 1, 161),
(634, 1, 2, 161),
(635, 1, 3, 161),
(636, 1, 4, 161),
(637, 1, 1, 162),
(638, 1, 2, 162),
(639, 1, 3, 162),
(640, 1, 4, 162),
(641, 1, 1, 163),
(642, 1, 2, 163),
(643, 1, 3, 163),
(644, 1, 4, 163),
(645, 1, 1, 164),
(646, 1, 2, 164),
(647, 1, 3, 164),
(648, 1, 4, 164),
(649, 1, 1, 165),
(650, 1, 2, 165),
(651, 1, 3, 165),
(652, 1, 4, 165),
(653, 1, 1, 166),
(654, 1, 2, 166),
(655, 1, 3, 166),
(656, 1, 4, 166),
(657, 1, 1, 167),
(658, 1, 2, 167),
(659, 1, 3, 167),
(660, 1, 4, 167),
(661, 1, 1, 168),
(662, 1, 2, 168),
(663, 1, 3, 168),
(664, 1, 4, 168),
(665, 1, 1, 169),
(666, 1, 2, 169),
(667, 1, 3, 169),
(668, 1, 4, 169),
(669, 1, 1, 170),
(670, 1, 2, 170),
(671, 1, 3, 170),
(672, 1, 4, 170),
(673, 1, 1, 171),
(674, 1, 2, 171),
(675, 1, 3, 171),
(676, 1, 4, 171),
(677, 1, 1, 172),
(678, 1, 2, 172),
(679, 1, 3, 172),
(680, 1, 4, 172),
(681, 1, 1, 173),
(682, 1, 2, 173),
(683, 1, 3, 173),
(684, 1, 4, 173),
(685, 1, 1, 174),
(686, 1, 2, 174),
(687, 1, 3, 174),
(688, 1, 4, 174),
(689, 1, 1, 175),
(690, 1, 2, 175),
(691, 1, 3, 175),
(692, 1, 4, 175),
(693, 1, 1, 176),
(694, 1, 2, 176),
(695, 1, 3, 176),
(696, 1, 4, 176),
(697, 1, 1, 177),
(698, 1, 2, 177),
(699, 1, 3, 177),
(700, 1, 4, 177),
(701, 1, 1, 178),
(702, 1, 2, 178),
(703, 1, 3, 178),
(704, 1, 4, 178),
(705, 1, 1, 179),
(706, 1, 2, 179),
(707, 1, 3, 179),
(708, 1, 4, 179),
(709, 1, 1, 180),
(710, 1, 2, 180),
(711, 1, 3, 180),
(712, 1, 4, 180),
(713, 1, 1, 181),
(714, 1, 2, 181),
(715, 1, 3, 181),
(716, 1, 4, 181),
(717, 1, 1, 182),
(718, 1, 2, 182),
(719, 1, 3, 182),
(720, 1, 4, 182),
(721, 1, 1, 183),
(722, 1, 2, 183),
(723, 1, 3, 183),
(724, 1, 4, 183),
(725, 1, 1, 184),
(726, 1, 2, 184),
(727, 1, 3, 184),
(728, 1, 4, 184),
(729, 1, 1, 185),
(730, 1, 2, 185),
(731, 1, 3, 185),
(732, 1, 4, 185),
(733, 1, 1, 186),
(734, 1, 2, 186),
(735, 1, 3, 186),
(736, 1, 4, 186),
(737, 1, 1, 187),
(738, 1, 2, 187),
(739, 1, 3, 187),
(740, 1, 4, 187),
(741, 1, 1, 188),
(742, 1, 2, 188),
(743, 1, 3, 188),
(744, 1, 4, 188),
(745, 1, 1, 189),
(746, 1, 2, 189),
(747, 1, 3, 189),
(748, 1, 4, 189),
(749, 1, 1, 190),
(750, 1, 2, 190),
(751, 1, 3, 190),
(752, 1, 4, 190),
(753, 1, 1, 191),
(754, 1, 2, 191),
(755, 1, 3, 191),
(756, 1, 4, 191),
(757, 1, 1, 192),
(758, 1, 2, 192),
(759, 1, 3, 192),
(760, 1, 4, 192),
(761, 1, 1, 193),
(762, 1, 2, 193),
(763, 1, 3, 193),
(764, 1, 4, 193),
(765, 1, 1, 194),
(766, 1, 2, 194),
(767, 1, 3, 194),
(768, 1, 4, 194),
(769, 1, 1, 195),
(770, 1, 2, 195),
(771, 1, 3, 195),
(772, 1, 4, 195),
(773, 1, 1, 196),
(774, 1, 2, 196),
(775, 1, 3, 196),
(776, 1, 4, 196),
(777, 1, 1, 197),
(778, 1, 2, 197),
(779, 1, 3, 197),
(780, 0, 4, 197),
(781, 1, 1, 198),
(782, 1, 2, 198),
(783, 1, 3, 198),
(784, 0, 4, 198),
(785, 1, 1, 199),
(786, 1, 2, 199),
(787, 1, 3, 199),
(788, 0, 4, 199),
(789, 1, 1, 200),
(790, 1, 2, 200),
(791, 1, 3, 200),
(792, 0, 4, 200),
(793, 1, 1, 201),
(794, 1, 2, 201),
(795, 1, 3, 201),
(796, 0, 4, 201),
(797, 1, 1, 202),
(798, 1, 2, 202),
(799, 1, 3, 202),
(800, 0, 4, 202),
(801, 1, 1, 203),
(802, 1, 2, 203),
(803, 1, 3, 203),
(804, 0, 4, 203),
(805, 1, 1, 204),
(806, 1, 2, 204),
(807, 1, 3, 204),
(808, 0, 4, 204),
(809, 1, 1, 205),
(810, 1, 2, 205),
(811, 1, 3, 205),
(812, 0, 4, 205),
(813, 1, 1, 206),
(814, 0, 2, 206),
(815, 0, 3, 206),
(816, 0, 4, 206),
(817, 1, 1, 207),
(818, 0, 2, 207),
(819, 0, 3, 207),
(820, 0, 4, 207),
(821, 1, 1, 208),
(822, 0, 2, 208),
(823, 0, 3, 208),
(824, 0, 4, 208),
(825, 1, 1, 209),
(826, 0, 2, 209),
(827, 0, 3, 209),
(828, 0, 4, 209),
(829, 0, 1, 210),
(830, 0, 2, 210),
(831, 0, 3, 210),
(832, 0, 4, 210),
(833, 0, 1, 211),
(834, 0, 2, 211),
(835, 0, 3, 211),
(836, 0, 4, 211),
(837, 0, 1, 212),
(838, 0, 2, 212),
(839, 0, 3, 212),
(840, 0, 4, 212),
(841, 0, 1, 213),
(842, 0, 2, 213),
(843, 0, 3, 213),
(844, 0, 4, 213),
(845, 0, 1, 214),
(846, 0, 2, 214),
(847, 0, 3, 214),
(848, 0, 4, 214),
(849, 0, 1, 215),
(850, 0, 2, 215),
(851, 0, 3, 215),
(852, 0, 4, 215),
(853, 0, 1, 216),
(854, 0, 2, 216),
(855, 0, 3, 216),
(856, 0, 4, 216),
(857, 0, 1, 217),
(858, 0, 2, 217),
(859, 0, 3, 217),
(860, 0, 4, 217),
(861, 0, 1, 218),
(862, 0, 2, 218),
(863, 0, 3, 218),
(864, 0, 4, 218),
(865, 0, 1, 219),
(866, 0, 2, 219),
(867, 0, 3, 219),
(868, 0, 4, 219),
(869, 0, 1, 220),
(870, 0, 2, 220),
(871, 0, 3, 220),
(872, 0, 4, 220),
(873, 0, 1, 221),
(874, 1, 2, 221),
(875, 1, 3, 221),
(876, 0, 4, 221),
(877, 0, 1, 222),
(878, 1, 2, 222),
(879, 1, 3, 222),
(880, 0, 4, 222),
(881, 0, 1, 223),
(882, 1, 2, 223),
(883, 1, 3, 223),
(884, 0, 4, 223),
(885, 0, 1, 224),
(886, 1, 2, 224),
(887, 1, 3, 224),
(888, 0, 4, 224),
(889, 0, 1, 225),
(890, 1, 2, 225),
(891, 1, 3, 225),
(892, 0, 4, 225),
(893, 1, 1, 226),
(894, 1, 2, 226),
(895, 1, 3, 226),
(896, 0, 4, 226),
(897, 1, 1, 227),
(898, 1, 2, 227),
(899, 1, 3, 227),
(900, 0, 4, 227),
(901, 1, 1, 228),
(902, 1, 2, 228),
(903, 1, 3, 228),
(904, 0, 4, 228),
(905, 1, 1, 229),
(906, 1, 2, 229),
(907, 1, 3, 229),
(908, 0, 4, 229),
(909, 1, 1, 230),
(910, 1, 2, 230),
(911, 1, 3, 230),
(912, 0, 4, 230),
(913, 1, 1, 231),
(914, 1, 2, 231),
(915, 1, 3, 231),
(916, 0, 4, 231),
(917, 1, 1, 232),
(918, 1, 2, 232),
(919, 1, 3, 232),
(920, 0, 4, 232),
(921, 1, 1, 233),
(922, 1, 2, 233),
(923, 1, 3, 233),
(924, 0, 4, 233),
(925, 1, 1, 234),
(926, 1, 2, 234),
(927, 1, 3, 234),
(928, 0, 4, 234),
(929, 1, 1, 235),
(930, 1, 2, 235),
(931, 1, 3, 235),
(932, 0, 4, 235),
(933, 1, 1, 236),
(934, 1, 2, 236),
(935, 1, 3, 236),
(936, 0, 4, 236),
(937, 1, 1, 237),
(938, 1, 2, 237),
(939, 1, 3, 237),
(940, 0, 4, 237),
(941, 1, 1, 238),
(942, 1, 2, 238),
(943, 1, 3, 238),
(944, 0, 4, 238),
(945, 1, 1, 239),
(946, 1, 2, 239),
(947, 1, 3, 239),
(948, 0, 4, 239),
(949, 0, 1, 240),
(950, 1, 2, 240),
(951, 1, 3, 240),
(952, 1, 4, 240),
(953, 0, 1, 241),
(954, 1, 2, 241),
(955, 1, 3, 241),
(956, 1, 4, 241),
(957, 0, 1, 242),
(958, 1, 2, 242),
(959, 1, 3, 242),
(960, 1, 4, 242),
(961, 0, 1, 243),
(962, 1, 2, 243),
(963, 1, 3, 243),
(964, 1, 4, 243),
(965, 0, 1, 244),
(966, 1, 2, 244),
(967, 1, 3, 244),
(968, 1, 4, 244),
(969, 0, 1, 245),
(970, 1, 2, 245),
(971, 1, 3, 245),
(972, 1, 4, 245),
(973, 0, 1, 246),
(974, 1, 2, 246),
(975, 1, 3, 246),
(976, 1, 4, 246),
(977, 0, 1, 247),
(978, 1, 2, 247),
(979, 1, 3, 247),
(980, 1, 4, 247),
(981, 0, 1, 248),
(982, 1, 2, 248),
(983, 1, 3, 248),
(984, 1, 4, 248),
(985, 0, 1, 249),
(986, 1, 2, 249),
(987, 1, 3, 249),
(988, 1, 4, 249),
(989, 0, 1, 250),
(990, 1, 2, 250),
(991, 1, 3, 250),
(992, 1, 4, 250),
(993, 0, 1, 251),
(994, 1, 2, 251),
(995, 1, 3, 251),
(996, 1, 4, 251),
(997, 0, 1, 252),
(998, 1, 2, 252),
(999, 1, 3, 252),
(1000, 1, 4, 252),
(1001, 0, 1, 253),
(1002, 1, 2, 253),
(1003, 1, 3, 253),
(1004, 1, 4, 253),
(1005, 0, 1, 254),
(1006, 1, 2, 254),
(1007, 1, 3, 254),
(1008, 1, 4, 254),
(1009, 0, 1, 255),
(1010, 1, 2, 255),
(1011, 1, 3, 255),
(1012, 1, 4, 255),
(1013, 0, 1, 256),
(1014, 1, 2, 256),
(1015, 1, 3, 256),
(1016, 1, 4, 256),
(1017, 0, 1, 257),
(1018, 1, 2, 257),
(1019, 1, 3, 257),
(1020, 1, 4, 257),
(1021, 0, 1, 258),
(1022, 1, 2, 258),
(1023, 1, 3, 258),
(1024, 1, 4, 258),
(1025, 0, 1, 259),
(1026, 1, 2, 259),
(1027, 1, 3, 259),
(1028, 1, 4, 259),
(1029, 0, 1, 260),
(1030, 1, 2, 260),
(1031, 1, 3, 260),
(1032, 1, 4, 260),
(1033, 0, 1, 261),
(1034, 1, 2, 261),
(1035, 1, 3, 261),
(1036, 1, 4, 261),
(1037, 0, 1, 262),
(1038, 1, 2, 262),
(1039, 1, 3, 262),
(1040, 1, 4, 262),
(1041, 0, 1, 263),
(1042, 1, 2, 263),
(1043, 1, 3, 263),
(1044, 1, 4, 263),
(1045, 0, 1, 264),
(1046, 1, 2, 264),
(1047, 1, 3, 264),
(1048, 1, 4, 264),
(1049, 0, 1, 265),
(1050, 1, 2, 265),
(1051, 1, 3, 265),
(1052, 1, 4, 265),
(1053, 0, 1, 266),
(1054, 1, 2, 266),
(1055, 1, 3, 266),
(1056, 1, 4, 266),
(1057, 0, 1, 267),
(1058, 1, 2, 267),
(1059, 1, 3, 267),
(1060, 1, 4, 267),
(1061, 0, 1, 268),
(1062, 1, 2, 268),
(1063, 1, 3, 268),
(1064, 1, 4, 268),
(1065, 0, 1, 269),
(1066, 1, 2, 269),
(1067, 1, 3, 269),
(1068, 1, 4, 269),
(1069, 0, 1, 270),
(1070, 1, 2, 270),
(1071, 1, 3, 270),
(1072, 1, 4, 270),
(1073, 0, 1, 271),
(1074, 1, 2, 271),
(1075, 1, 3, 271),
(1076, 1, 4, 271),
(1077, 0, 1, 272),
(1078, 1, 2, 272),
(1079, 1, 3, 272),
(1080, 1, 4, 272),
(1081, 0, 1, 273),
(1082, 1, 2, 273),
(1083, 1, 3, 273),
(1084, 1, 4, 273),
(1085, 0, 1, 274),
(1086, 1, 2, 274),
(1087, 1, 3, 274),
(1088, 1, 4, 274),
(1089, 0, 1, 275),
(1090, 1, 2, 275),
(1091, 1, 3, 275),
(1092, 1, 4, 275),
(1093, 0, 1, 276),
(1094, 1, 2, 276),
(1095, 1, 3, 276),
(1096, 1, 4, 276),
(1097, 0, 1, 277),
(1098, 1, 2, 277),
(1099, 1, 3, 277),
(1100, 1, 4, 277),
(1101, 0, 1, 278),
(1102, 1, 2, 278),
(1103, 1, 3, 278),
(1104, 1, 4, 278),
(1105, 0, 1, 279),
(1106, 1, 2, 279),
(1107, 1, 3, 279),
(1108, 1, 4, 279),
(1109, 0, 1, 280),
(1110, 1, 2, 280),
(1111, 1, 3, 280),
(1112, 1, 4, 280),
(1113, 0, 1, 281),
(1114, 1, 2, 281),
(1115, 1, 3, 281),
(1116, 1, 4, 281),
(1117, 0, 1, 282),
(1118, 1, 2, 282),
(1119, 1, 3, 282),
(1120, 1, 4, 282),
(1121, 0, 1, 283),
(1122, 1, 2, 283),
(1123, 1, 3, 283),
(1124, 1, 4, 283),
(1125, 0, 1, 284),
(1126, 1, 2, 284),
(1127, 1, 3, 284),
(1128, 1, 4, 284),
(1129, 0, 1, 285),
(1130, 1, 2, 285),
(1131, 1, 3, 285),
(1132, 1, 4, 285),
(1133, 0, 1, 286),
(1134, 1, 2, 286),
(1135, 1, 3, 286),
(1136, 1, 4, 286),
(1137, 0, 1, 287),
(1138, 1, 2, 287),
(1139, 1, 3, 287),
(1140, 1, 4, 287),
(1141, 0, 1, 288),
(1142, 1, 2, 288),
(1143, 1, 3, 288),
(1144, 1, 4, 288),
(1145, 0, 1, 289),
(1146, 1, 2, 289),
(1147, 1, 3, 289),
(1148, 1, 4, 289),
(1149, 0, 1, 290),
(1150, 1, 2, 290),
(1151, 1, 3, 290),
(1152, 1, 4, 290),
(1153, 0, 1, 291),
(1154, 1, 2, 291),
(1155, 1, 3, 291),
(1156, 1, 4, 291),
(1157, 1, 1, 292),
(1158, 1, 2, 292),
(1159, 1, 3, 292),
(1160, 0, 4, 292),
(1161, 1, 1, 293),
(1162, 1, 2, 293),
(1163, 1, 3, 293),
(1164, 1, 4, 293),
(1165, 1, 1, 294),
(1166, 1, 2, 294),
(1167, 1, 3, 294),
(1168, 1, 4, 294),
(1169, 1, 1, 295),
(1170, 1, 2, 295),
(1171, 1, 3, 295),
(1172, 1, 4, 295),
(1173, 1, 1, 296),
(1174, 1, 2, 296),
(1175, 1, 3, 296),
(1176, 1, 4, 296),
(1177, 1, 1, 297),
(1178, 1, 2, 297),
(1179, 1, 3, 297),
(1180, 1, 4, 297),
(1181, 1, 1, 298),
(1182, 1, 2, 298),
(1183, 1, 3, 298),
(1184, 1, 4, 298),
(1185, 1, 1, 299),
(1186, 1, 2, 299),
(1187, 1, 3, 299),
(1188, 1, 4, 299),
(1189, 1, 1, 300),
(1190, 1, 2, 300),
(1191, 1, 3, 300),
(1192, 1, 4, 300),
(1193, 1, 1, 301),
(1194, 1, 2, 301),
(1195, 1, 3, 301),
(1196, 1, 4, 301),
(1197, 1, 1, 302),
(1198, 1, 2, 302),
(1199, 1, 3, 302),
(1200, 1, 4, 302),
(1201, 1, 1, 303),
(1202, 1, 2, 303),
(1203, 1, 3, 303),
(1204, 1, 4, 303),
(1205, 1, 1, 304),
(1206, 1, 2, 304),
(1207, 1, 3, 304),
(1208, 1, 4, 304),
(1209, 0, 1, 71),
(1210, 1, 2, 71),
(1211, 1, 3, 71),
(1212, 1, 4, 71),
(1213, 1, 1, 72),
(1214, 0, 2, 72),
(1215, 0, 3, 72),
(1216, 0, 4, 72),
(1217, 0, 1, 73),
(1218, 1, 2, 73),
(1219, 1, 3, 73),
(1220, 1, 4, 73),
(1221, 1, 1, 74),
(1222, 1, 2, 74),
(1223, 1, 3, 74),
(1224, 1, 4, 74),
(1225, 0, 1, 75),
(1226, 1, 2, 75),
(1227, 1, 3, 75),
(1228, 1, 4, 75),
(1229, 0, 1, 76),
(1230, 1, 2, 76),
(1231, 1, 3, 76),
(1232, 1, 4, 76),
(1233, 0, 1, 77),
(1234, 1, 2, 77),
(1235, 1, 3, 77),
(1236, 1, 4, 77),
(1237, 0, 1, 78),
(1238, 1, 2, 78),
(1239, 1, 3, 78),
(1240, 1, 4, 78),
(1241, 0, 1, 79),
(1242, 1, 2, 79),
(1243, 1, 3, 79),
(1244, 1, 4, 79),
(1245, 0, 1, 80),
(1246, 1, 2, 80),
(1247, 1, 3, 80),
(1248, 1, 4, 80),
(1249, 0, 1, 81),
(1250, 1, 2, 81),
(1251, 1, 3, 81),
(1252, 1, 4, 81),
(1253, 0, 1, 82),
(1254, 1, 2, 82),
(1255, 1, 3, 82),
(1256, 1, 4, 82),
(1257, 1, 1, 83),
(1258, 1, 2, 83),
(1259, 1, 3, 83),
(1260, 1, 4, 83),
(1261, 0, 1, 84),
(1262, 0, 2, 84),
(1263, 0, 3, 84),
(1264, 0, 4, 84),
(1265, 0, 1, 85),
(1266, 0, 2, 85),
(1267, 0, 3, 85),
(1268, 0, 4, 85),
(1269, 0, 1, 86),
(1270, 0, 2, 86),
(1271, 0, 3, 86),
(1272, 0, 4, 86),
(1273, 0, 1, 87),
(1274, 0, 2, 87),
(1275, 0, 3, 87),
(1276, 0, 4, 87),
(1277, 0, 1, 88),
(1278, 0, 2, 88),
(1279, 0, 3, 88),
(1280, 0, 4, 88),
(1281, 0, 1, 89),
(1282, 0, 2, 89),
(1283, 0, 3, 89),
(1284, 0, 4, 89),
(1285, 0, 1, 90),
(1286, 0, 2, 90),
(1287, 0, 3, 90),
(1288, 0, 4, 90),
(1289, 0, 1, 91),
(1290, 0, 2, 91),
(1291, 0, 3, 91),
(1292, 0, 4, 91),
(1293, 0, 1, 92),
(1294, 0, 2, 92),
(1295, 0, 3, 92),
(1296, 0, 4, 92),
(1297, 0, 1, 93),
(1298, 0, 2, 93),
(1299, 0, 3, 93),
(1300, 0, 4, 93),
(1301, 0, 1, 94),
(1302, 0, 2, 94),
(1303, 0, 3, 94),
(1304, 0, 4, 94),
(1305, 0, 1, 95),
(1306, 0, 2, 95),
(1307, 0, 3, 95),
(1308, 0, 4, 95),
(1309, 0, 1, 96),
(1310, 0, 2, 96),
(1311, 0, 3, 96),
(1312, 0, 4, 96),
(1313, 0, 1, 97),
(1314, 0, 2, 97),
(1315, 0, 3, 97),
(1316, 0, 4, 97),
(1317, 0, 1, 98),
(1318, 0, 2, 98),
(1319, 0, 3, 98),
(1320, 0, 4, 98);

-- --------------------------------------------------------

--
-- Structure de la table `creneaux`
--

DROP TABLE IF EXISTS `creneaux`;
CREATE TABLE IF NOT EXISTS `creneaux` (
  `id` int(10) UNSIGNED NOT NULL AUTO_INCREMENT,
  `heure_debut` int(11) NOT NULL,
  `min_debut` varchar(11) COLLATE utf8mb4_unicode_ci NOT NULL DEFAULT '00',
  `duree` text COLLATE utf8mb4_unicode_ci NOT NULL,
  `lieu_id` int(10) UNSIGNED NOT NULL,
  `jour_id` int(10) UNSIGNED NOT NULL,
  PRIMARY KEY (`id`),
  KEY `creneaux_lieu_id_foreign` (`lieu_id`),
  KEY `creneaux_jour_id_foreign` (`jour_id`)
) ENGINE=MyISAM AUTO_INCREMENT=13 DEFAULT CHARSET=utf8mb4 COLLATE=utf8mb4_unicode_ci;

--
-- Déchargement des données de la table `creneaux`
--

INSERT INTO `creneaux` (`id`, `heure_debut`, `min_debut`, `duree`, `lieu_id`, `jour_id`) VALUES
(2, 18, '30', '2', 1, 5),
(5, 16, '00', '1', 1, 5),
(9, 18, '30', '1.25', 1, 2),
(6, 16, '00', '1h25', 1, 5),
(8, 13, '00', '1', 2, 3),
(10, 18, '30', '1.25', 1, 2),
(11, 14, '30', '2h', 1, 3),
(12, 16, '00', '2', 1, 5);

-- --------------------------------------------------------

--
-- Structure de la table `creneau_user`
--

DROP TABLE IF EXISTS `creneau_user`;
CREATE TABLE IF NOT EXISTS `creneau_user` (
  `creneau_id` int(10) UNSIGNED NOT NULL,
  `user_id` int(10) UNSIGNED NOT NULL,
  KEY `creneau_user_creneau_id_foreign` (`creneau_id`),
  KEY `creneau_user_user_id_foreign` (`user_id`)
) ENGINE=MyISAM DEFAULT CHARSET=utf8mb4 COLLATE=utf8mb4_unicode_ci;

--
-- Déchargement des données de la table `creneau_user`
--

INSERT INTO `creneau_user` (`creneau_id`, `user_id`) VALUES
(24, 4),
(2, 4),
(4, 4),
(6, 4),
(9, 4),
(10, 4),
(11, 7),
(12, 4);

-- --------------------------------------------------------

--
-- Structure de la table `fonctions`
--

DROP TABLE IF EXISTS `fonctions`;
CREATE TABLE IF NOT EXISTS `fonctions` (
  `id` int(10) UNSIGNED NOT NULL AUTO_INCREMENT,
  `fonction` varchar(20) COLLATE utf8mb4_unicode_ci NOT NULL,
  PRIMARY KEY (`id`)
) ENGINE=MyISAM AUTO_INCREMENT=5 DEFAULT CHARSET=utf8mb4 COLLATE=utf8mb4_unicode_ci;

--
-- Déchargement des données de la table `fonctions`
--

INSERT INTO `fonctions` (`id`, `fonction`) VALUES
(1, 'GrandAdministateur'),
(2, 'Administrateur'),
(3, 'Bureau'),
(4, 'Entraineur');

-- --------------------------------------------------------

--
-- Structure de la table `groupes`
--

DROP TABLE IF EXISTS `groupes`;
CREATE TABLE IF NOT EXISTS `groupes` (
  `id` int(10) UNSIGNED NOT NULL AUTO_INCREMENT,
  `nom` varchar(191) COLLATE utf8mb4_unicode_ci DEFAULT NULL,
  `categorie` varchar(20) COLLATE utf8mb4_unicode_ci DEFAULT NULL,
  `section_id` int(11) NOT NULL,
  PRIMARY KEY (`id`),
  KEY `groupes_section_id_foreign` (`section_id`)
) ENGINE=MyISAM AUTO_INCREMENT=23 DEFAULT CHARSET=utf8mb4 COLLATE=utf8mb4_unicode_ci;

--
-- Déchargement des données de la table `groupes`
--

INSERT INTO `groupes` (`id`, `nom`, `categorie`, `section_id`) VALUES
(1, 'Baby-Gym', 'baby', 1),
(2, 'Mini-Enchainement', 'Mini-Enchainement', 3),
(3, 'Loisir mardi', NULL, 4),
(4, 'Loisir Collége', NULL, 4),
(5, 'Loisir Primaires Mercredi', NULL, 4),
(6, 'Loisir Primaires', NULL, 4),
(7, 'Loisir Vendredi', NULL, 4),
(8, 'N8', 'jeunes', 3),
(9, 'N6 7/10', 'jeunes', 3),
(10, 'N6 7/12', 'jeunes', 3),
(11, 'N5 11/18', 'Féminine', 3),
(12, 'n5 8/12', 'jeunes', 3),
(13, 'N6', 'jeunes', 3),
(16, 'N4 11/15', 'Féminine', 3),
(15, 'N2 11 et +', 'Féminine', 3),
(21, 'n6', 'Féminine', 3);

-- --------------------------------------------------------

--
-- Structure de la table `groupe_user`
--

DROP TABLE IF EXISTS `groupe_user`;
CREATE TABLE IF NOT EXISTS `groupe_user` (
  `groupe_id` int(10) UNSIGNED NOT NULL,
  `user_id` int(10) UNSIGNED NOT NULL,
  KEY `groupes_users_groupe_id_foreign` (`groupe_id`),
  KEY `groupes_users_user_id_foreign` (`user_id`)
) ENGINE=MyISAM DEFAULT CHARSET=utf8mb4 COLLATE=utf8mb4_unicode_ci;

--
-- Déchargement des données de la table `groupe_user`
--

INSERT INTO `groupe_user` (`groupe_id`, `user_id`) VALUES
(1, 8),
(2, 9),
(3, 8),
(4, 8),
(5, 8),
(6, 9),
(7, 8),
(8, 7),
(9, 7),
(10, 8),
(11, 8),
(12, 8),
(13, 7),
(14, 7),
(15, 8),
(16, 7),
(17, 9),
(18, 9),
(19, 7),
(20, 4),
(21, 7),
(22, 8);

-- --------------------------------------------------------

--
-- Structure de la table `jours`
--

DROP TABLE IF EXISTS `jours`;
CREATE TABLE IF NOT EXISTS `jours` (
  `id` int(10) UNSIGNED NOT NULL AUTO_INCREMENT,
  `jour` varchar(191) COLLATE utf8mb4_unicode_ci NOT NULL,
  PRIMARY KEY (`id`)
) ENGINE=MyISAM AUTO_INCREMENT=7 DEFAULT CHARSET=utf8mb4 COLLATE=utf8mb4_unicode_ci;

--
-- Déchargement des données de la table `jours`
--

INSERT INTO `jours` (`id`, `jour`) VALUES
(1, 'Lundi'),
(2, 'Mardi'),
(3, 'Mercredi'),
(4, 'Jeudi'),
(5, 'Vendredi'),
(6, 'Samedi');

-- --------------------------------------------------------

--
-- Structure de la table `lieux`
--

DROP TABLE IF EXISTS `lieux`;
CREATE TABLE IF NOT EXISTS `lieux` (
  `id` int(10) UNSIGNED NOT NULL AUTO_INCREMENT,
  `nom` varchar(191) COLLATE utf8mb4_unicode_ci DEFAULT NULL,
  PRIMARY KEY (`id`)
) ENGINE=MyISAM AUTO_INCREMENT=5 DEFAULT CHARSET=utf8mb4 COLLATE=utf8mb4_unicode_ci;

--
-- Déchargement des données de la table `lieux`
--

INSERT INTO `lieux` (`id`, `nom`) VALUES
(1, 'Gymnase collège'),
(2, 'Gymnase J. Abbati'),
(3, 'Gymnase Verassy - Montpellier'),
(4, 'Espace Jean Penso');

-- --------------------------------------------------------

--
-- Structure de la table `migrations`
--

DROP TABLE IF EXISTS `migrations`;
CREATE TABLE IF NOT EXISTS `migrations` (
  `id` int(10) UNSIGNED NOT NULL AUTO_INCREMENT,
  `migration` varchar(191) COLLATE utf8mb4_unicode_ci NOT NULL,
  `batch` int(11) NOT NULL,
  PRIMARY KEY (`id`)
) ENGINE=MyISAM AUTO_INCREMENT=42 DEFAULT CHARSET=utf8mb4 COLLATE=utf8mb4_unicode_ci;

--
-- Déchargement des données de la table `migrations`
--

INSERT INTO `migrations` (`id`, `migration`, `batch`) VALUES
(1, '2014_10_12_100000_create_password_resets_table', 1),
(2, '2019_04_11_132910_create_adherent_creneau_table', 1),
(3, '2019_04_11_132910_create_adherent_section_table', 1),
(4, '2019_04_11_132910_create_adherents_table', 1),
(5, '2019_04_11_132910_create_autorisations_table', 1),
(6, '2019_04_11_132910_create_creneau_user_table', 1),
(7, '2019_04_11_132910_create_creneaux_table', 1),
(8, '2019_04_11_132910_create_fonctions_table', 1),
(9, '2019_04_11_132910_create_groupe_user_table', 1),
(10, '2019_04_11_132910_create_groupes_table', 1),
(11, '2019_04_11_132910_create_jours_table', 1),
(12, '2019_04_11_132910_create_lieux_table', 1),
(13, '2019_04_11_132910_create_moyensPayements_table', 1),
(14, '2019_04_11_132910_create_payements_table', 1),
(15, '2019_04_11_132910_create_remarques_table', 1),
(16, '2019_04_11_132910_create_sections_table', 1),
(17, '2019_04_11_132910_create_tarifs_table', 1),
(18, '2019_04_11_132910_create_telephones_table', 1),
(19, '2019_04_11_132910_create_users_table', 1),
(20, '2019_04_11_132911_create_anneesScolaires_table', 1),
(21, '2019_04_11_132911_create_dossiers_table', 1),
(22, '2019_04_11_132911_create_licences_table', 1),
(23, '2019_04_11_132911_create_typesAutorisations_table', 1),
(24, '2019_04_11_132911_create_typesRqs_table', 1),
(25, '2019_04_11_132911_create_typesTels_table', 1),
(26, '2019_04_11_132921_create_foreign_keys', 1),
(27, '2019_04_13_163541_create_creneaux_table', 2),
(28, '2019_04_16_135852_create_adherents_table', 3),
(29, '2019_04_16_135852_create_autorisations_table', 3),
(30, '2019_04_16_135852_create_dossiers_table', 3),
(31, '2019_04_16_135852_create_licences_table', 3),
(32, '2019_04_16_135852_create_remarques_table', 3),
(33, '2019_04_16_135852_create_typesAutorisations_table', 4),
(34, '2019_04_16_135852_create_typesRqs_table', 4),
(35, '2019_04_16_141857_create_telephones_table', 4),
(36, '2019_04_16_141858_create_typesTels_table', 4),
(37, '2019_04_19_090347_create_adherents_table', 5),
(38, '2019_04_19_090347_create_sections_table', 5),
(39, '2019_04_19_090357_create_foreign_keys', 6),
(40, '2019_05_06_092814_adherents', 7),
(41, '2019_06_08_051359_create_tarifs_table', 8);

-- --------------------------------------------------------

--
-- Structure de la table `moyenspayements`
--

DROP TABLE IF EXISTS `moyenspayements`;
CREATE TABLE IF NOT EXISTS `moyenspayements` (
  `id` int(10) UNSIGNED NOT NULL AUTO_INCREMENT,
  `type` varchar(20) COLLATE utf8mb4_unicode_ci DEFAULT 'null',
  PRIMARY KEY (`id`)
) ENGINE=MyISAM AUTO_INCREMENT=7 DEFAULT CHARSET=utf8mb4 COLLATE=utf8mb4_unicode_ci;

--
-- Déchargement des données de la table `moyenspayements`
--

INSERT INTO `moyenspayements` (`id`, `type`) VALUES
(1, 'Especes'),
(2, 'Chèque'),
(3, 'Coupon sport'),
(4, 'C. Vacances'),
(5, 'Bons C.A.F.'),
(6, 'Autres');

-- --------------------------------------------------------

--
-- Structure de la table `password_resets`
--

DROP TABLE IF EXISTS `password_resets`;
CREATE TABLE IF NOT EXISTS `password_resets` (
  `email` varchar(191) COLLATE utf8mb4_unicode_ci NOT NULL,
  `token` varchar(191) COLLATE utf8mb4_unicode_ci NOT NULL,
  `created_at` timestamp NULL DEFAULT NULL,
  KEY `password_resets_email_index` (`email`)
) ENGINE=MyISAM DEFAULT CHARSET=utf8mb4 COLLATE=utf8mb4_unicode_ci;

--
-- Déchargement des données de la table `password_resets`
--

INSERT INTO `password_resets` (`email`, `token`, `created_at`) VALUES
('aaa@free.fr', '$2y$10$bE36PWHLp292OW9FfmzFA.We0cmc5vWbgoMGGr.oqc0Ug/cE61HNG', '2019-06-18 10:06:26'),
('ggg@free.fr', '$2y$10$LIwZi9a3APK2MoRv5iFGR.cPsaCSOaHSGGkzMchf0fg28Y6tjAx2i', '2019-06-18 13:09:56');

-- --------------------------------------------------------

--
-- Structure de la table `payements`
--

DROP TABLE IF EXISTS `payements`;
CREATE TABLE IF NOT EXISTS `payements` (
  `id` int(10) UNSIGNED NOT NULL AUTO_INCREMENT,
  `montant` decimal(8,2) DEFAULT '0.00',
  `encaisseMois` text COLLATE utf8mb4_unicode_ci,
  `numCheque` varchar(20) COLLATE utf8mb4_unicode_ci DEFAULT '0',
  `adherent_id` int(10) UNSIGNED DEFAULT NULL,
  `moyensPayement_id` int(10) UNSIGNED DEFAULT NULL,
  PRIMARY KEY (`id`),
  KEY `payements_adherent_id_foreign` (`adherent_id`),
  KEY `payements_moyenspayement_id_foreign` (`moyensPayement_id`)
) ENGINE=MyISAM AUTO_INCREMENT=19 DEFAULT CHARSET=utf8mb4 COLLATE=utf8mb4_unicode_ci;

--
-- Déchargement des données de la table `payements`
--

INSERT INTO `payements` (`id`, `montant`, `encaisseMois`, `numCheque`, `adherent_id`, `moyensPayement_id`) VALUES
(5, '200.00', NULL, NULL, 33, 2),
(11, '10.00', '24/05', 'popoipj', 33, 3),
(12, '82.00', NULL, NULL, 33, 1),
(15, '100.00', '20/08', NULL, 21, 2),
(14, '200.00', '2/08', 'fggdgd', 40, 1),
(16, '100.00', '20/5', 'rgfdgfg', 33, 5),
(17, NULL, '22/03', 'h1212', 62, 2),
(18, '120.00', '24/05', '12345644', 18, 2);

-- --------------------------------------------------------

--
-- Structure de la table `remarques`
--

DROP TABLE IF EXISTS `remarques`;
CREATE TABLE IF NOT EXISTS `remarques` (
  `id` int(10) UNSIGNED NOT NULL AUTO_INCREMENT,
  `remarque` text COLLATE utf8mb4_unicode_ci NOT NULL,
  `typeRq_id` int(10) UNSIGNED NOT NULL,
  `adherent_id` int(10) UNSIGNED NOT NULL,
  PRIMARY KEY (`id`),
  KEY `remarques_typerq_id_foreign` (`typeRq_id`),
  KEY `remarques_adherent_id_foreign` (`adherent_id`)
) ENGINE=MyISAM AUTO_INCREMENT=43 DEFAULT CHARSET=utf8mb4 COLLATE=utf8mb4_unicode_ci;

--
-- Déchargement des données de la table `remarques`
--

INSERT INTO `remarques` (`id`, `remarque`, `typeRq_id`, `adherent_id`) VALUES
(1, 'ras', 2, 20),
(2, 'ras', 2, 21),
(3, 'bcvbcvx', 1, 24),
(4, 'bcvbcvx', 1, 25),
(5, 'bcvbcvx', 1, 26),
(6, 'bcvbcvx', 1, 27),
(7, 'bcvbcvx', 1, 30),
(8, 'dfdsfsfsdfsdbcvx', 2, 31),
(9, 'bnbvnvnvb', 2, 1),
(10, 'cvvxv', 2, 3),
(15, 'n,nb,nb,b,', 1, 62),
(14, 'n,nb,nb,b,', 1, 61),
(13, 'n,nb,nb,b,', 1, 60),
(16, 'test rq horaires', 1, 65),
(17, 'test rq médicales', 2, 65),
(18, 'ghgfhfghgfhgfx', 1, 293),
(19, 'jghjghjnghj,jnhj', 2, 293),
(20, 'ghgfhfghgfhgfx', 1, 294),
(21, 'jghjghjnghj,jnhj', 2, 294),
(22, 'ghgfhfghgfhgfx', 1, 295),
(23, 'jghjghjnghj,jnhj', 2, 295),
(24, 'ghgfhfghgfhgfx', 1, 296),
(25, 'jghjghjnghj,jnhj', 2, 296),
(26, 'ghgfhfghgfhgfx', 1, 297),
(27, 'jghjghjnghj,jnhj', 2, 297),
(28, 'ghgfhfghgfhgfx', 1, 298),
(29, 'jghjghjnghj,jnhj', 2, 298),
(30, 'ghgfhfghgfhgfx', 1, 299),
(31, 'jghjghjnghj,jnhj', 2, 299),
(32, 'ghgfhfghgfhgfx', 1, 300),
(33, 'jghjghjnghj,jnhj', 2, 300),
(34, 'ghgfhfghgfhgfx', 1, 301),
(35, 'jghjghjnghj,jnhj', 2, 301),
(36, 'ghgfhfghgfhgfx', 1, 302),
(37, 'jghjghjnghj,jnhj', 2, 302),
(38, 'ghgfhfghgfhgfx', 1, 303),
(39, 'jghjghjnghj,jnhj', 2, 303),
(40, 'ghgfhfghgfhgfx', 1, 304),
(41, 'jghjghjnghj,jnhj', 2, 304),
(42, ',bn,b,c', 1, 71);

-- --------------------------------------------------------

--
-- Structure de la table `sections`
--

DROP TABLE IF EXISTS `sections`;
CREATE TABLE IF NOT EXISTS `sections` (
  `id` int(10) UNSIGNED NOT NULL AUTO_INCREMENT,
  `nom` varchar(191) COLLATE utf8mb4_unicode_ci DEFAULT NULL,
  PRIMARY KEY (`id`)
) ENGINE=MyISAM AUTO_INCREMENT=13 DEFAULT CHARSET=utf8mb4 COLLATE=utf8mb4_unicode_ci;

--
-- Déchargement des données de la table `sections`
--

INSERT INTO `sections` (`id`, `nom`) VALUES
(1, 'Baby-Gym'),
(3, 'Gym compétition'),
(4, 'Gym loisir');

-- --------------------------------------------------------

--
-- Structure de la table `tarifs`
--

DROP TABLE IF EXISTS `tarifs`;
CREATE TABLE IF NOT EXISTS `tarifs` (
  `id` int(10) UNSIGNED NOT NULL AUTO_INCREMENT,
  `libele` varchar(20) COLLATE utf8mb4_unicode_ci DEFAULT NULL,
  `prix` text COLLATE utf8mb4_unicode_ci,
  `anneeMini` int(11) DEFAULT NULL,
  `anneeMax` int(11) DEFAULT NULL,
  `section_id` int(10) UNSIGNED NOT NULL,
  `temps` text COLLATE utf8mb4_unicode_ci NOT NULL,
  PRIMARY KEY (`id`)
) ENGINE=MyISAM AUTO_INCREMENT=11 DEFAULT CHARSET=utf8mb4 COLLATE=utf8mb4_unicode_ci;

--
-- Déchargement des données de la table `tarifs`
--

INSERT INTO `tarifs` (`id`, `libele`, `prix`, `anneeMini`, `anneeMax`, `section_id`, `temps`) VALUES
(1, 'Adhesion GAC', '20', 0, 0, 0, ''),
(2, 'Licence UFOLEP petit', '17', 2007, 2011, 2, ''),
(3, 'Licence UFOLEP grand', '19', 2001, 2006, 2, ''),
(4, 'Licence UFOLEP Adul', '28', 2000, 2024, 2, ''),
(5, 'Entrainement Baby', '130', 0, 2024, 1, '45min'),
(6, 'Entrainement', '150', 0, 2024, 0, '1h'),
(7, 'Entrainement', '205', 0, 2024, 0, '1h30'),
(8, 'Entrainement', '250', 0, 2024, 0, '2h'),
(9, 'Entrainement', '345', 0, 2024, 0, '4h'),
(10, 'Entrainement', '460', 0, 2024, 0, '6h');

-- --------------------------------------------------------

--
-- Structure de la table `telephones`
--

DROP TABLE IF EXISTS `telephones`;
CREATE TABLE IF NOT EXISTS `telephones` (
  `id` int(10) UNSIGNED NOT NULL AUTO_INCREMENT,
  `numero` varchar(10) COLLATE utf8mb4_unicode_ci NOT NULL DEFAULT '0',
  `adherent_id` int(10) UNSIGNED DEFAULT NULL,
  `typeTel_id` int(10) UNSIGNED DEFAULT NULL,
  PRIMARY KEY (`id`),
  KEY `telephones_adherent_id_foreign` (`adherent_id`),
  KEY `telephones_typetel_id_foreign` (`typeTel_id`)
) ENGINE=MyISAM AUTO_INCREMENT=791 DEFAULT CHARSET=utf8mb4 COLLATE=utf8mb4_unicode_ci;

--
-- Déchargement des données de la table `telephones`
--

INSERT INTO `telephones` (`id`, `numero`, `adherent_id`, `typeTel_id`) VALUES
(1, '0102030405', 11, 4),
(2, '0102030405', 12, 4),
(3, '0102030405', 12, 1),
(4, '0102030405', 12, 2),
(5, '0102030405', 13, 4),
(6, '0102030405', 14, 4),
(7, '0102030405', 14, 1),
(8, '0102030405', 14, 2),
(9, '0102030405', 15, 4),
(10, '0102030405', 15, 1),
(11, '0102030405', 15, 2),
(12, '0102030405', 16, 4),
(13, '0102030405', 17, 4),
(14, '0102030405', 17, 1),
(15, '0102030405', 17, 2),
(16, '0102030405', 18, 4),
(17, '0102030405', 18, 1),
(18, '0102030405', 18, 2),
(19, '0102030405', 19, 4),
(20, '0102030405', 19, 1),
(21, '0102030405', 19, 2),
(22, '0102030405', 20, 4),
(23, '0102030405', 20, 1),
(24, '0102030405', 20, 2),
(25, '0102030405', 21, 4),
(26, '0102030405', 21, 1),
(27, '0102030405', 21, 2),
(28, '0102030405', 22, 4),
(29, '0102030405', 22, 1),
(30, '0102030405', 22, 2),
(31, '0102030405', 23, 4),
(32, '0102030405', 23, 1),
(33, '0102030405', 23, 2),
(34, '0102030405', 23, 3),
(35, '0102030405', 24, 4),
(36, '0102030405', 24, 2),
(37, '0102030405', 25, 4),
(38, '0102030405', 25, 2),
(39, '0102030405', 26, 4),
(40, '0102030405', 26, 2),
(41, '0102030405', 27, 4),
(42, '0102030405', 27, 2),
(43, '0102030405', 30, 4),
(44, '0102030405', 30, 2),
(45, '0102030405', 31, 4),
(46, '0102030405', 31, 2),
(47, '0102030405', 32, 4),
(48, '0102030405', 32, 2),
(179, '0102030405', 63, 2),
(177, '0102030405', 63, 4),
(178, '0102030405', 63, 1),
(55, '0102030405', 2, 4),
(57, '0102030405', 3, 4),
(58, '0102030406', 3, 2),
(59, '0102030405', 4, 4),
(61, '0102030405', 5, 4),
(63, '0102030405', 1, 4),
(64, '0102030405', 1, 2),
(66, '0102030405', 2, 2),
(67, '0102030405', 3, 4),
(68, '0102030405', 3, 2),
(70, '0102030406', 4, 2),
(71, '0102030405', 5, 4),
(72, '0102030406', 5, 2),
(73, '0102030405', 6, 4),
(74, '0102030405', 6, 2),
(75, '0102030405', 7, 4),
(76, '0102030405', 7, 2),
(77, '0102030405', 8, 4),
(168, '0102030405', 60, 4),
(169, '00000000', 60, 1),
(170, '11111111', 60, 2),
(171, '0102030405', 61, 4),
(172, '0102030405', 61, 1),
(173, '0102030405', 61, 2),
(174, '0102030405', 62, 4),
(175, '0102030405', 62, 1),
(176, '0102030405', 62, 2),
(180, '0102030405', 64, 4),
(181, '0102030405', 64, 2),
(182, '0102030408', 65, 4),
(183, '0102030405', 65, 1),
(184, '0102030406', 65, 2),
(185, '010200407', 65, 3),
(186, '0102030405', 16, 1),
(188, 'bbbbbbbbb', 21, 1),
(189, '0102030405', 21, 1),
(190, '0', NULL, NULL),
(191, '0', NULL, NULL),
(192, '000111111', 60, 3),
(193, '010200405', 40, 3),
(194, '2222222222', 62, 3),
(195, '0000222222', 21, 3),
(196, '0102030405', 66, 4),
(197, '0102030405', 66, 2),
(198, '0102030405', 67, 4),
(199, '0102030405', 67, 1),
(200, '0102030406', 67, 2),
(201, '0102030405', 68, 4),
(202, '0102030405', 68, 1),
(203, '0102030406', 68, 2),
(204, '0102030405', 69, 4),
(205, '0102030405', 69, 1),
(206, '0102030406', 69, 2),
(207, '0102030405', 70, 4),
(208, '0102030405', 70, 1),
(209, '0102030406', 70, 2),
(210, '0102030405', 71, 4),
(211, '0102030405', 71, 1),
(212, '0102030406', 71, 2),
(213, '0102030405', 72, 4),
(214, '0102030405', 72, 1),
(215, '0102030406', 72, 2),
(216, '0102030405', 73, 4),
(217, '0102030405', 73, 1),
(218, '0102030406', 73, 2),
(219, '0102030405', 74, 4),
(220, '0102030405', 74, 1),
(221, '0102030406', 74, 2),
(222, '0102030405', 75, 4),
(223, '0102030405', 75, 1),
(224, '0102030406', 75, 2),
(225, '0102030405', 76, 4),
(226, '0102030405', 76, 1),
(227, '0102030406', 76, 2),
(228, '0102030405', 77, 4),
(229, '0102030405', 77, 1),
(230, '0102030406', 77, 2),
(231, '0102030405', 78, 4),
(232, '0102030405', 78, 1),
(233, '0102030406', 78, 2),
(234, '0102030405', 79, 4),
(235, '0102030405', 79, 1),
(236, '0102030406', 79, 2),
(237, '0102030405', 80, 4),
(238, '0102030405', 80, 1),
(239, '0102030406', 80, 2),
(240, '0102030405', 81, 4),
(241, '0102030405', 81, 1),
(242, '0102030406', 81, 2),
(243, '0102030405', 82, 4),
(244, '0102030405', 82, 1),
(245, '0102030406', 82, 2),
(246, '0102030405', 83, 4),
(247, '0102030405', 83, 1),
(248, '0102030406', 83, 2),
(249, '0102030405', 84, 4),
(250, '0102030405', 84, 1),
(251, '0102030406', 84, 2),
(252, '0102030405', 85, 4),
(253, '0102030405', 85, 1),
(254, '0102030406', 85, 2),
(255, '0102030405', 86, 4),
(256, '0102030405', 86, 1),
(257, '0102030406', 86, 2),
(258, '0102030405', 87, 4),
(259, '0102030405', 87, 1),
(260, '0102030406', 87, 2),
(261, '0102030405', 88, 4),
(262, '0102030405', 88, 1),
(263, '0102030406', 88, 2),
(264, '0102030405', 89, 4),
(265, '0102030405', 89, 1),
(266, '0102030406', 89, 2),
(267, '0102030405', 90, 4),
(268, '0102030405', 90, 1),
(269, '0102030406', 90, 2),
(270, '0102030405', 91, 4),
(271, '0102030405', 91, 1),
(272, '0102030406', 91, 2),
(273, '0102030405', 92, 4),
(274, '0102030405', 92, 1),
(275, '0102030406', 92, 2),
(276, '0102030405', 93, 4),
(277, '0102030405', 93, 2),
(278, '0102030405', 94, 4),
(279, '0102030406', 94, 2),
(280, '0102030405', 95, 4),
(281, '1111111111', 95, 2),
(282, '0102030405', 96, 4),
(283, '1111111111', 96, 2),
(284, '0102030405', 97, 4),
(285, '1111111111', 97, 2),
(286, '0102030405', 98, 4),
(287, '1111111111', 98, 2),
(288, '0102030405', 99, 4),
(289, '1111111111', 99, 2),
(290, '0102030405', 100, 4),
(291, '1111111111', 100, 2),
(292, '0102030405', 101, 4),
(293, '1111111111', 101, 2),
(294, '0102030405', 102, 4),
(295, '1111111111', 102, 2),
(296, '0102030405', 103, 4),
(297, '1111111111', 103, 2),
(298, '0102030405', 104, 4),
(299, '1111111111', 104, 2),
(300, '0102030405', 105, 4),
(301, '1111111111', 105, 2),
(302, '0102030405', 106, 4),
(303, '1111111111', 106, 2),
(304, '0102030405', 107, 4),
(305, '1111111111', 107, 2),
(306, '0102030405', 108, 4),
(307, '1111111111', 108, 2),
(308, '0102030405', 109, 4),
(309, '1111111111', 109, 2),
(310, '0102030405', 110, 4),
(311, '1111111111', 110, 2),
(312, '0102030405', 111, 4),
(313, '1111111111', 111, 2),
(314, '0102030405', 112, 4),
(315, '1111111111', 112, 2),
(316, '0102030405', 113, 4),
(317, '1111111111', 113, 2),
(318, '0102030405', 114, 4),
(319, '1111111111', 114, 2),
(320, '0102030405', 115, 4),
(321, '1111111111', 115, 2),
(322, '0102030405', 116, 4),
(323, '1111111111', 116, 2),
(324, '0102030405', 117, 4),
(325, '1111111111', 117, 2),
(326, '0102030405', 118, 4),
(327, '1111111111', 118, 2),
(328, '0102030405', 119, 4),
(329, '1111111111', 119, 2),
(330, '0102030405', 120, 4),
(331, '1111111111', 120, 2),
(332, '0102030405', 121, 4),
(333, '1111111111', 121, 2),
(334, '0102030405', 122, 4),
(335, '1111111111', 122, 2),
(336, '0102030405', 123, 4),
(337, '1111111111', 123, 2),
(338, '0102030405', 124, 4),
(339, '1111111111', 124, 2),
(340, '0102030405', 125, 4),
(341, '1111111111', 125, 2),
(342, '0102030405', 126, 4),
(343, '1111111111', 126, 2),
(344, '0102030405', 127, 4),
(345, '1111111111', 127, 2),
(346, '0102030405', 128, 4),
(347, '1111111111', 128, 2),
(348, '0102030405', 129, 4),
(349, '1111111111', 129, 2),
(350, '0102030405', 130, 4),
(351, '1111111111', 130, 2),
(352, '0102030405', 131, 4),
(353, '1111111111', 131, 2),
(354, '0102030405', 132, 4),
(355, '1111111111', 132, 2),
(356, '0102030405', 133, 4),
(357, '1111111111', 133, 2),
(358, '0102030405', 134, 4),
(359, '1111111111', 134, 2),
(360, '0102030405', 135, 4),
(361, '1111111111', 135, 2),
(362, '0102030405', 136, 4),
(363, '1111111111', 136, 2),
(364, '0102030405', 137, 4),
(365, '1111111111', 137, 2),
(366, '0102030405', 138, 4),
(367, '1111111111', 138, 2),
(368, '0102030405', 139, 4),
(369, '1111111111', 139, 2),
(370, '0102030405', 140, 4),
(371, '1111111111', 140, 2),
(372, '0102030405', 141, 4),
(373, '1111111111', 141, 2),
(374, '0102030405', 142, 4),
(375, '1111111111', 142, 2),
(376, '0102030405', 143, 4),
(377, '1111111111', 143, 2),
(378, '0102030405', 144, 4),
(379, '1111111111', 144, 2),
(380, '0102030405', 145, 4),
(381, '1111111111', 145, 2),
(382, '0102030405', 146, 4),
(383, '1111111111', 146, 2),
(384, '0102030405', 147, 4),
(385, '1111111111', 147, 2),
(386, '0102030405', 148, 4),
(387, '1111111111', 148, 2),
(388, '0102030405', 149, 4),
(389, '1111111111', 149, 2),
(390, '0102030405', 150, 4),
(391, '1111111111', 150, 2),
(392, '0102030405', 151, 4),
(393, '1111111111', 151, 2),
(394, '0102030405', 152, 4),
(395, '1111111111', 152, 2),
(396, '0102030405', 153, 4),
(397, '1111111111', 153, 2),
(398, '0102030405', 154, 4),
(399, '1111111111', 154, 2),
(400, '0102030405', 155, 4),
(401, '1111111111', 155, 2),
(402, '0102030405', 156, 4),
(403, '1111111111', 156, 2),
(404, '0102030405', 157, 4),
(405, '1111111111', 157, 2),
(406, '0102030405', 158, 4),
(407, '1111111111', 158, 2),
(408, '0102030405', 159, 4),
(409, '1111111111', 159, 2),
(410, '0102030405', 160, 4),
(411, '1111111111', 160, 2),
(412, '0102030405', 161, 4),
(413, '1111111111', 161, 2),
(414, '0102030405', 162, 4),
(415, '1111111111', 162, 2),
(416, '0102030405', 163, 4),
(417, '1111111111', 163, 2),
(418, '0102030405', 164, 4),
(419, '1111111111', 164, 2),
(420, '0102030405', 165, 4),
(421, '1111111111', 165, 2),
(422, '0102030405', 166, 4),
(423, '1111111111', 166, 2),
(424, '0102030405', 167, 4),
(425, '1111111111', 167, 2),
(426, '0102030405', 168, 4),
(427, '1111111111', 168, 2),
(428, '0102030405', 169, 4),
(429, '1111111111', 169, 2),
(430, '0102030405', 170, 4),
(431, '1111111111', 170, 2),
(432, '0102030405', 171, 4),
(433, '1111111111', 171, 2),
(434, '0102030405', 172, 4),
(435, '1111111111', 172, 2),
(436, '0102030405', 173, 4),
(437, '1111111111', 173, 2),
(438, '0102030405', 174, 4),
(439, '1111111111', 174, 2),
(440, '0102030405', 175, 4),
(441, '0102030405', 175, 1),
(442, '0102030405', 176, 4),
(443, '0102030405', 176, 1),
(444, '0102030405', 177, 4),
(445, '0102030405', 177, 1),
(446, '0102030405', 178, 4),
(447, '0102030405', 178, 1),
(448, '0102030405', 179, 4),
(449, '0102030405', 179, 1),
(450, '0102030405', 180, 4),
(451, '0102030405', 180, 1),
(452, '0102030405', 181, 4),
(453, '0102030405', 181, 1),
(454, '0102030405', 182, 4),
(455, '0102030405', 182, 1),
(456, '0102030405', 183, 4),
(457, '0102030405', 183, 1),
(458, '0102030405', 184, 4),
(459, '0102030405', 184, 1),
(460, '0102030405', 185, 4),
(461, '0102030405', 185, 1),
(462, '0102030405', 186, 4),
(463, '0102030405', 186, 1),
(464, '0102030405', 187, 4),
(465, '0102030405', 187, 1),
(466, '0102030405', 188, 4),
(467, '0102030405', 188, 1),
(468, '0102030405', 189, 4),
(469, '0102030405', 189, 1),
(470, '0102030405', 190, 4),
(471, '0102030405', 190, 1),
(472, '0102030405', 191, 4),
(473, '0102030405', 191, 1),
(474, '0102030405', 192, 4),
(475, '0102030405', 192, 1),
(476, '0102030405', 193, 4),
(477, '0102030405', 193, 1),
(478, '0102030405', 194, 4),
(479, '0102030405', 194, 1),
(480, '0102030405', 195, 4),
(481, '0102030405', 195, 1),
(482, '0102030405', 196, 4),
(483, '0102030405', 196, 1),
(484, '0102030405', 197, 4),
(485, '0102030405', 197, 2),
(486, '0102030405', 198, 4),
(487, '0102030405', 198, 2),
(488, '0102030405', 199, 4),
(489, '0102030405', 199, 2),
(490, '0102030405', 200, 4),
(491, '0102030405', 200, 2),
(492, '0102030405', 201, 4),
(493, '0102030405', 201, 2),
(494, '0102030405', 202, 4),
(495, '0102030405', 202, 2),
(496, '0102030405', 203, 4),
(497, '0102030405', 203, 2),
(498, '0102030405', 204, 4),
(499, '0102030405', 204, 2),
(500, '0102030405', 205, 4),
(501, '0102030405', 205, 2),
(502, '0102030405', 206, 4),
(503, '0102030405', 206, 2),
(504, '0102030405', 207, 4),
(505, '0102030405', 207, 2),
(506, '0102030405', 208, 4),
(507, '0102030405', 208, 2),
(508, '0102030405', 209, 4),
(509, '0102030405', 209, 2),
(510, '0102030405', 210, 4),
(511, '0102030405', 210, 2),
(512, '0102030405', 211, 4),
(513, '0102030405', 211, 2),
(514, '0102030405', 212, 4),
(515, '0102030405', 212, 2),
(516, '0102030405', 213, 4),
(517, '0102030405', 213, 2),
(518, '0102030405', 214, 4),
(519, '0102030405', 214, 2),
(520, '0102030405', 215, 4),
(521, '0102030405', 215, 2),
(522, '0102030405', 216, 4),
(523, '0102030405', 216, 2),
(524, '0102030405', 217, 4),
(525, '0102030405', 217, 2),
(526, '0102030405', 218, 4),
(527, '0102030405', 218, 2),
(528, '0102030405', 219, 4),
(529, '0102030405', 219, 2),
(530, '0102030405', 220, 4),
(531, '0102030405', 220, 2),
(532, '0102030405', 221, 4),
(533, '0102030406', 221, 2),
(534, '0102030405', 222, 4),
(535, '0102030406', 222, 2),
(536, '0102030405', 223, 4),
(537, '0102030406', 223, 2),
(538, '0102030405', 224, 4),
(539, '0102030406', 224, 2),
(540, '0102030405', 225, 4),
(541, '0102030406', 225, 2),
(542, '0102030405', 226, 4),
(543, '0102030405', 226, 2),
(544, '0102030405', 227, 4),
(545, '0102030405', 227, 2),
(546, '0102030405', 228, 4),
(547, '0102030405', 228, 2),
(548, '0102030405', 229, 4),
(549, '0102030405', 229, 2),
(550, '0102030405', 230, 4),
(551, '0102030405', 230, 2),
(552, '0102030405', 231, 4),
(553, '0102030405', 231, 2),
(554, '0102030405', 232, 4),
(555, '0102030405', 232, 2),
(556, '0102030405', 233, 4),
(557, '0102030405', 233, 2),
(558, '0102030405', 234, 4),
(559, '0102030405', 234, 2),
(560, '0102030405', 235, 4),
(561, '0102030405', 235, 2),
(562, '0102030405', 236, 4),
(563, '0102030405', 236, 2),
(564, '0102030405', 237, 4),
(565, '0102030405', 237, 2),
(566, '0102030405', 238, 4),
(567, '0102030405', 238, 2),
(568, '0102030405', 239, 4),
(569, '0102030405', 239, 2),
(570, '0457916785', 240, 4),
(571, '0102030405', 240, 2),
(572, '0457916785', 241, 4),
(573, '0102030405', 241, 2),
(574, '0457916785', 242, 4),
(575, '0102030405', 242, 2),
(576, '0457916785', 243, 4),
(577, '0102030405', 243, 2),
(578, '0457916785', 244, 4),
(579, '0102030405', 244, 2),
(580, '0457916785', 245, 4),
(581, '0102030405', 245, 2),
(582, '0457916785', 246, 4),
(583, '0102030405', 246, 2),
(584, '0457916785', 247, 4),
(585, '0102030405', 247, 2),
(586, '0457916785', 248, 4),
(587, '0102030405', 248, 2),
(588, '0457916785', 249, 4),
(589, '0102030405', 249, 2),
(590, '0457916785', 250, 4),
(591, '0102030405', 250, 2),
(592, '0457916785', 251, 4),
(593, '0102030405', 251, 2),
(594, '0457916785', 252, 4),
(595, '0102030405', 252, 2),
(596, '0457916785', 253, 4),
(597, '0102030405', 253, 2),
(598, '0457916785', 254, 4),
(599, '0102030405', 254, 2),
(600, '0457916785', 255, 4),
(601, '0102030405', 255, 2),
(602, '0457916785', 256, 4),
(603, '0102030405', 256, 2),
(604, '0457916785', 257, 4),
(605, '0102030405', 257, 2),
(606, '0457916785', 258, 4),
(607, '0102030405', 258, 2),
(608, '0457916785', 259, 4),
(609, '0102030405', 259, 2),
(610, '0457916785', 260, 4),
(611, '0102030405', 260, 2),
(612, '0457916785', 261, 4),
(613, '0102030405', 261, 2),
(614, '0457916785', 262, 4),
(615, '0102030405', 262, 2),
(616, '0457916785', 263, 4),
(617, '0102030405', 263, 2),
(618, '0457916785', 264, 4),
(619, '0102030405', 264, 2),
(620, '0457916785', 265, 4),
(621, '0102030405', 265, 2),
(622, '0457916785', 266, 4),
(623, '0102030405', 266, 2),
(624, '0457916785', 267, 4),
(625, '0102030405', 267, 2),
(626, '0457916785', 268, 4),
(627, '0102030405', 268, 2),
(628, '0457916785', 269, 4),
(629, '0102030405', 269, 2),
(630, '0457916785', 270, 4),
(631, '0102030405', 270, 2),
(632, '0457916785', 271, 4),
(633, '0102030405', 271, 2),
(634, '0457916785', 272, 4),
(635, '0102030405', 272, 2),
(636, '0457916785', 273, 4),
(637, '0102030405', 273, 2),
(638, '0457916785', 274, 4),
(639, '0102030405', 274, 2),
(640, '0457916785', 275, 4),
(641, '0102030405', 275, 2),
(642, '0457916785', 276, 4),
(643, '0102030405', 276, 2),
(644, '0457916785', 277, 4),
(645, '0102030405', 277, 2),
(646, '0457916785', 278, 4),
(647, '0102030405', 278, 2),
(648, '0457916785', 279, 4),
(649, '0102030405', 279, 2),
(650, '0457916785', 280, 4),
(651, '0102030405', 280, 2),
(652, '0457916785', 281, 4),
(653, '0102030405', 281, 2),
(654, '0457916785', 282, 4),
(655, '0102030405', 282, 2),
(656, '0457916785', 283, 4),
(657, '0102030405', 283, 2),
(658, '0457916785', 284, 4),
(659, '0102030405', 284, 2),
(660, '0457916785', 285, 4),
(661, '0102030405', 285, 2),
(662, '0457916785', 286, 4),
(663, '0102030405', 286, 2),
(664, '0457916785', 287, 4),
(665, '0102030405', 287, 2),
(666, '0457916785', 288, 4),
(667, '0102030405', 288, 2),
(668, '0457916785', 289, 4),
(669, '0102030405', 289, 2),
(670, '0457916785', 290, 4),
(671, '0102030405', 290, 2),
(672, '0457916785', 291, 4),
(673, '0102030405', 291, 2),
(674, '0102030405', 292, 4),
(675, '0603802114', 292, 2),
(676, '0102030405', 293, 4),
(677, '0102030405', 293, 1),
(678, '0102030405', 293, 2),
(679, '2222222222', 293, 3),
(680, '0102030405', 294, 4),
(681, '0102030405', 294, 1),
(682, '0102030405', 294, 2),
(683, '2222222222', 294, 3),
(684, '0102030405', 295, 4),
(685, '0102030405', 295, 1),
(686, '0102030405', 295, 2),
(687, '2222222222', 295, 3),
(688, '0102030405', 296, 4),
(689, '0102030405', 296, 1),
(690, '0102030405', 296, 2),
(691, '2222222222', 296, 3),
(692, '0102030405', 297, 4),
(693, '0102030405', 297, 1),
(694, '0102030405', 297, 2),
(695, '2222222222', 297, 3),
(696, '0102030405', 298, 4),
(697, '0102030405', 298, 1),
(698, '0102030405', 298, 2),
(699, '2222222222', 298, 3),
(700, '0102030405', 299, 4),
(701, '0102030405', 299, 1),
(702, '0102030405', 299, 2),
(703, '2222222222', 299, 3),
(704, '0102030405', 300, 4),
(705, '0102030405', 300, 1),
(706, '0102030405', 300, 2),
(707, '2222222222', 300, 3),
(708, '0102030405', 301, 4),
(709, '0102030405', 301, 1),
(710, '0102030405', 301, 2),
(711, '2222222222', 301, 3),
(712, '0102030405', 302, 4),
(713, '0102030405', 302, 1),
(714, '0102030405', 302, 2),
(715, '2222222222', 302, 3),
(716, '0102030405', 303, 4),
(717, '0102030405', 303, 1),
(718, '0102030405', 303, 2),
(719, '2222222222', 303, 3),
(720, '0102030405', 304, 4),
(721, '0102030405', 304, 1),
(722, '0102030405', 304, 2),
(723, '2222222222', 304, 3),
(724, '0457916785', 71, 4),
(725, '0102030405', 71, 1),
(726, '0102030405', 71, 2),
(727, '0102030405', 72, 4),
(728, '0102030405', 72, 2),
(729, '0102030405', 73, 4),
(730, '0102030406', 73, 2),
(731, '000111111', 73, 3),
(732, '0102030405', 74, 4),
(733, '0102030406', 74, 2),
(734, '000111111', 74, 3),
(735, '0102030405', 75, 4),
(736, '0102030406', 75, 2),
(737, '000111111', 75, 3),
(738, '0102030405', 76, 4),
(739, '0102030406', 76, 2),
(740, '000111111', 76, 3),
(741, '0102030405', 77, 4),
(742, '0102030406', 77, 2),
(743, '000111111', 77, 3),
(744, '0102030405', 78, 4),
(745, '0102030406', 78, 2),
(746, '000111111', 78, 3),
(747, '0102030405', 79, 4),
(748, '0102030406', 79, 2),
(749, '000111111', 79, 3),
(750, '0102030405', 80, 4),
(751, '0102030406', 80, 2),
(752, '000111111', 80, 3),
(753, '0102030405', 81, 4),
(754, '0102030406', 81, 2),
(755, '000111111', 81, 3),
(756, '0102030405', 82, 4),
(757, '0102030406', 82, 2),
(758, '000111111', 82, 3),
(759, '0457916785', 83, 4),
(760, '0102030405', 83, 2),
(761, '0457916785', 84, 4),
(762, '0102030405', 84, 2),
(763, '0457916785', 85, 4),
(764, '0102030405', 85, 2),
(765, '0457916785', 86, 4),
(766, '0102030405', 86, 2),
(767, '0457916785', 87, 4),
(768, '0102030405', 87, 2),
(769, '0457916785', 88, 4),
(770, '0102030405', 88, 2),
(771, '0457916785', 89, 4),
(772, '0102030405', 89, 2),
(773, '0457916785', 90, 4),
(774, '0102030405', 90, 2),
(775, '0457916785', 91, 4),
(776, '0102030405', 91, 2),
(777, '0457916785', 92, 4),
(778, '0102030405', 92, 2),
(779, '0457916785', 93, 4),
(780, '0102030405', 93, 2),
(781, '0457916785', 94, 4),
(782, '0102030405', 94, 2),
(783, '0457916785', 95, 4),
(784, '0102030405', 95, 2),
(785, '0457916785', 96, 4),
(786, '0102030405', 96, 2),
(787, '0457916785', 97, 4),
(788, '0102030405', 97, 2),
(789, '0457916785', 98, 4),
(790, '0102030405', 98, 2);

-- --------------------------------------------------------

--
-- Structure de la table `typesautorisations`
--

DROP TABLE IF EXISTS `typesautorisations`;
CREATE TABLE IF NOT EXISTS `typesautorisations` (
  `id` int(10) UNSIGNED NOT NULL AUTO_INCREMENT,
  `type` varchar(20) COLLATE utf8mb4_unicode_ci NOT NULL,
  PRIMARY KEY (`id`)
) ENGINE=MyISAM AUTO_INCREMENT=5 DEFAULT CHARSET=utf8mb4 COLLATE=utf8mb4_unicode_ci;

--
-- Déchargement des données de la table `typesautorisations`
--

INSERT INTO `typesautorisations` (`id`, `type`) VALUES
(1, 'Urgence'),
(2, 'Transport'),
(3, 'Media'),
(4, 'Sortie');

-- --------------------------------------------------------

--
-- Structure de la table `typesrqs`
--

DROP TABLE IF EXISTS `typesrqs`;
CREATE TABLE IF NOT EXISTS `typesrqs` (
  `id` int(10) UNSIGNED NOT NULL AUTO_INCREMENT,
  `type` varchar(50) COLLATE utf8mb4_unicode_ci NOT NULL DEFAULT 'null',
  PRIMARY KEY (`id`)
) ENGINE=MyISAM AUTO_INCREMENT=5 DEFAULT CHARSET=utf8mb4 COLLATE=utf8mb4_unicode_ci;

--
-- Déchargement des données de la table `typesrqs`
--

INSERT INTO `typesrqs` (`id`, `type`) VALUES
(1, 'Entrainement'),
(2, 'Medicales'),
(3, 'Payement'),
(4, 'Autres');

-- --------------------------------------------------------

--
-- Structure de la table `typestels`
--

DROP TABLE IF EXISTS `typestels`;
CREATE TABLE IF NOT EXISTS `typestels` (
  `id` int(10) UNSIGNED NOT NULL AUTO_INCREMENT,
  `type` varchar(20) COLLATE utf8mb4_unicode_ci NOT NULL DEFAULT 'null',
  PRIMARY KEY (`id`)
) ENGINE=MyISAM AUTO_INCREMENT=5 DEFAULT CHARSET=utf8mb4 COLLATE=utf8mb4_unicode_ci;

--
-- Déchargement des données de la table `typestels`
--

INSERT INTO `typestels` (`id`, `type`) VALUES
(1, 'Adherent'),
(2, 'RespLegal1'),
(3, 'RespLegal2'),
(4, 'Urgence');

-- --------------------------------------------------------

--
-- Structure de la table `users`
--

DROP TABLE IF EXISTS `users`;
CREATE TABLE IF NOT EXISTS `users` (
  `id` int(10) UNSIGNED NOT NULL AUTO_INCREMENT,
  `name` varchar(20) COLLATE utf8mb4_unicode_ci NOT NULL,
  `prenom` varchar(20) COLLATE utf8mb4_unicode_ci NOT NULL,
  `email` varchar(20) COLLATE utf8mb4_unicode_ci NOT NULL,
  `telephone` varchar(10) COLLATE utf8mb4_unicode_ci DEFAULT NULL,
  `password` varchar(100) COLLATE utf8mb4_unicode_ci DEFAULT NULL,
  `fonction_id` int(10) UNSIGNED NOT NULL,
  PRIMARY KEY (`id`),
  KEY `users_fonction_id_foreign` (`fonction_id`)
) ENGINE=MyISAM AUTO_INCREMENT=11 DEFAULT CHARSET=utf8mb4 COLLATE=utf8mb4_unicode_ci;

--
-- Déchargement des données de la table `users`
--

INSERT INTO `users` (`id`, `name`, `prenom`, `email`, `telephone`, `password`, `fonction_id`) VALUES
(1, 'ggg', 'ggg', 'ggg@free.fr', '0102030405', '$2y$10$nMoYgHJ8XtB0SR7Jray7weRcxcdRuEz1ZXsLpMisSUO.C2txnyv2e', 1),
(2, 'aaa', 'aaaa', 'aaa@free.fr', '0102030405', '$2y$10$Cl2Qb2HMHpEXP3l4lEtZoefb79JA5Q3pwwYdE54VmZXew79tF4UAW', 2),
(3, 'bbbb', 'bbbbb', 'bbb@free.fr', '0102030405', '$2y$10$m8sYBq3DJaeIdVcfLAd4auR/89vncaa06z9MQfzDY6zxe8jT8lyPe', 3),
(4, 'eeeeeee', 'eeeeeee', 'eee@free.fr', '0102030405', '$2y$10$l19OJKvVE7NaOXVt2YSMB.lVspocrm6Yn6YHLWRKiueA9xU8gtRF.', 4),
(9, '??????', '??????', 'eeeee@free.fr', '', '$2y$10$.GOqdhLcly725xCqVWONxubv9yfGzNCBhuHWoi4u7iNmUDbo7r3Tu', 4),
(7, 'DESACHY', 'Marion', 'des@free.fr', '', '$2y$10$nak4zWhduezvLHqIbXcxdOqeNMD2AtJlJYxkIoFo7TACFUgACqt22', 4),
(8, 'Mayeul', 'Mayeul', 'mayeul@free.fr', '', '$2y$10$axGaP5MlnREnfbIf007i4uAjofgSzSlfzlEDgDHevrAA2EEbDuigy', 4),
(10, 'cloitre', 'sandrine', 's.cloitre@free.fr', '0102300405', '$2y$10$oEKOJNDiUr7J1qI7ILLrSOQvgNyiXah0v.2L1SnpRuxrPFse8UxA6', 1);
COMMIT;

/*!40101 SET CHARACTER_SET_CLIENT=@OLD_CHARACTER_SET_CLIENT */;
/*!40101 SET CHARACTER_SET_RESULTS=@OLD_CHARACTER_SET_RESULTS */;
/*!40101 SET COLLATION_CONNECTION=@OLD_COLLATION_CONNECTION */;
